platform,raw_service
Checkatrade,Anti Vandal Coatings
Airtasker,Appliances
Checkatrade,Aviaries
Checkatrade,Awnings / Canopies
Checkatrade,Balustrades
Airtasker,Balustrading
Checkatrade,bathrub screen
Airtasker,Bed Repairs
Checkatrade,Bedroom Showroom
Checkatrade,Bedroom Supplier / Installer
Checkatrade,Bedrooms
Checkatrade,Bespoke Kitchens - Supply & Installation
Airtasker,Cake Toppers
Checkatrade,Caravan Valeting
Rated People,Carbon Monoxide Alarms - Installation
Airtasker,Carburetor Tuning
Airtasker,Central Locking Installation
Airtasker,Chainsawing
Airtasker,Chicken Runs
Yell,Chinese Takeaways
Yell,Chiropodists and podiatrists
Airtasker,Clothesline Installation
Checkatrade,Clutches
Airtasker,Couple Photoshoots
Checkatrade,Cupboards
Airtasker,Custom Birthday Cakes
Checkatrade,custom made internal doors
Checkatrade,custom made wooden external doors
Airtasker,Dash Cam Installation
Rated People,Decorative Cornicing / Plasterwork
Airtasker,Design
Checkatrade,Diagnostic Testing
Airtasker,Downlights Installation
Checkatrade,Drainage Investigation
Rated People,Drainage Specialist
Rated People,Drainage Specialists
Checkatrade,Driveways / Patios / Paths
Airtasker,Driving
Checkatrade,Dust / Fume Extraction
Airtasker,Dusting
Checkatrade,Emergency Driveways / Patios / Paths Service
Checkatrade,Emergency Miscellaneous Service
Checkatrade,Emergency Pest / Vermin Control Service
Checkatrade,emergency plasterer
Checkatrade,Emergency Telecommunication Service
Checkatrade,Energy Performance Certificate
Checkatrade,Energy Performance Certificate - EPC
Checkatrade,Energy Tariff Broker
Airtasker,EV Services
Airtasker,Events
Checkatrade,Extensions / Conversions
Checkatrade,external plasterers
Checkatrade,Extractor Fans
Airtasker,Family Photoshoots
Yell,Farmers
Checkatrade,felt lap vents
Airtasker,Female Personal Training
Rated People,Fitted Kitchens
Checkatrade,Flat Ceilings
Checkatrade,Flat Packs
Airtasker,Floorboards
Yell,Florists
Checkatrade,French Polisher
Airtasker,French Polishing
Checkatrade,Fumigation
Airtasker,Gas Burner Repair
Checkatrade,gas meter
Checkatrade,gas pipe fitters
Checkatrade,Gates
Airtasker,General Contractors
Airtasker,Gift Wrapping
Checkatrade,Golf / Bowls Greens
Checkatrade,Gravel / Shingle Driveways
Checkatrade,Green Oak Framing
Checkatrade,handmade kitchens
Checkatrade,Handmade Kitchens Designed / Installed
Checkatrade,Handrails
Treatwell,Heart layers
Airtasker,Home & Lifestyle
Checkatrade,Home Networks
Airtasker,Home Stagers
Checkatrade,Hot Tubs / Spas
Airtasker,House Sitters
Airtasker,Housekeepers
Yell,Indian Restaurants
Checkatrade,Insect Screens
Checkatrade,Intruder Alarms
Airtasker,iPhone Screen Replacement
Rated People,Jet / Power Washing
Checkatrade,Kitchens
Airtasker,Lamp Repairs
Checkatrade,Leadworks Installation
Checkatrade,Leadworks Repair
Airtasker,Leaftlet Distribution
Airtasker,LED Lights Installation
Airtasker,Levelling
Checkatrade,lime mortar specialists
Checkatrade,lime plasterer
Checkatrade,lintel installation
Checkatrade,lintel repair
Checkatrade,lintel replacement
Checkatrade,Loft Extensions
Checkatrade,Loft Hatches
Checkatrade,Lofts / Loft Ladders
Checkatrade,Log Cabins
Rated People,Log Cabins / Timber Framed Building
Checkatrade,Logs
Checkatrade,Made to Measure Shutters
Rated People,Man/Woman with a Van
Checkatrade,Mastic Sealant
Airtasker,MDF Cutting
Airtasker,MDF Installation
Checkatrade,media wall fitters
Checkatrade,media wall installation
Checkatrade,media wall specialist
Checkatrade,Member T&C’s apply
Checkatrade,Memorial Gravestones Supplied
Treatwell,Men's
Airtasker,Men's Tailoring
Checkatrade,Mirrors
Yell,Mobile mechanics
Checkatrade,Mobile Phone Repairs
Airtasker,Models
Airtasker,Mother's Help
Checkatrade,Motor Homes
Airtasker,Move
Airtasker,o2 Sensor Replacement
Rated People,Partition Wall
Checkatrade,Partition Walls
Checkatrade,PC Repairs
Checkatrade,pebble dashing
Rated People,Pebble Dashing
Checkatrade,Pebble Dashing / Rough Casting
Airtasker,Personal Stylist
Checkatrade,Pest / Vermin Control
Airtasker,Photo Manipulations
Airtasker,Photo Restorations
Checkatrade,Piling
Checkatrade,Planning / Design
Checkatrade,Planning Consultants
Checkatrade,Plantation Shutters
Rated People,Plasterer / Renderer
Rated People,Plasterer / Renderers
Checkatrade,Plastic Canopies
Checkatrade,Ply Boarding
Checkatrade,Porches Repair
Checkatrade,power flush companies
Airtasker,Presentations Design
Airtasker,Proofreading
Yell,Pubs
Airtasker,PVC Gutters
Checkatrade,radiators suppliers
Checkatrade,Rise & Recline Chairs
Checkatrade,rolled steel joist installation
Checkatrade,Salvage
Airtasker,Sauna Installation
Checkatrade,Scaffold Alarms
Checkatrade,Scarification
Checkatrade,Scrap Cars
Checkatrade,Scrap Metal
Checkatrade,Sensory Gardens
Airtasker,Sewing
Checkatrade,sheetrock contractors
Checkatrade,sheetrock installers
Checkatrade,Single Ply Membrane Roofs Installation
Checkatrade,Single Ply Membrane Roofs Repair
Checkatrade,skylights for flat roofs
Checkatrade,Smart Repairs
Checkatrade,Smart Thermostats
Checkatrade,Soakaways
Airtasker,Staffing
Checkatrade,stairs made to measure
Checkatrade,Steel Fabricators
Checkatrade,Stone Repairs
Checkatrade,Storage
Rated People,Storage
Checkatrade,Stretched Ceilings
Checkatrade,Suspended Ceilings
Checkatrade,Telephone Faults
Checkatrade,Telephone Points
Airtasker,The Range Storage
Checkatrade,Thermal Dynamics
Checkatrade,Timber Merchants
Rated People,Traditional Craftspersons
Checkatrade,trv
Checkatrade,Turfing
Checkatrade,Unvented Hot Water Cylinder Installation
Checkatrade,Unvented Hot Water Cylinder Servicing / Repair
Checkatrade,UPVC Repairs
Airtasker,Verandah Installation
Airtasker,Villaboard Installation
Checkatrade,Wall Coatings
Airtasker,Wallpapering
Checkatrade,Wallpapering
Airtasker,Water Heater Repairs and Installation
Checkatrade,Weather Coatings
Airtasker,Women's Tailoring
Checkatrade,Wood Merchants
Checkatrade,wood stripper
Rated People,Wooden / Metal / Wire Fences
Checkatrade,Worktops - Acrylic
Checkatrade,Worktops - Granite
Checkatrade,Worktops - Marble
Checkatrade,Worktops - Quartz
Checkatrade,Worktops - Solid Wood
Checkatrade,Worktops - Stainless Steel
