category_name,review_count
Lead Quality,412
Overall Experience,130
Review Moderation,113
Lead Pricing,93
Unauthorized Charges,84
Scams and Fraud,72
Refund Process,42
Unwanted Communications,40
Account Login,39
App Performance,39
Subscription Cancellation,39
Advertising Effectiveness,33
Sales Practices,30
Pricing and Fees,28
App Updates,28
Customer Support,28
Lead Availability,25
Lead Competition,17
App Usability,11
Account Deletion,10
Contractor Quality,9
Lead Filtering,8
Account Sign-Up,8
Profile Details Management,7
App Privacy and Permissions,7
Lead Purchase Process,7
Regional Availability,7
Account Suspension,6
Account Security,6
Subscription Benefits,5
Business Listing Approval,5
Message Notifications,4
Photo Attachments,4
Request Management,4
Terms and Conditions,4
Customer Payment Disputes,4
Profile Services Management,4
Job Notifications,3
Review Replies,3
Message Text Input,3
Promotions,2
Invoice Download,2
Credit Expiration,2
Credit Redemption,2
Caregiver Experience,2
Device Compatibility,2
Irrelevant Content,2
Service Availability,2
Subscription Plan Changes,2
Unauthorized Business Listings,2
Availability Calendar,2
Review Requests,2
Review Submission,2
Bank Account Details,1
Customer Budget Visibility,1
Estimate Text Input,1
Appointment Scheduling,1
Professional Protection,1
Credit Purchase,1
Quote Availability,1
Construction and Renovation Services,1
Order Delivery,1
Website Experience,1
Car Detailing,1
Earning Potential,1
Rating Calculation,1
Customer Contact Information,1
Business Listing Claiming,1
Business Address Requirements,1
