canonical_service,service_family,platform_count,platforms,raw_label_count
Cleaning,Cleaning & Household,6,Airtasker | Bark | Checkatrade | MyJobQuote | Rated People | Yell,91
Beauty & Skincare,Beauty & Wellness,6,Airtasker | Booksy | Checkatrade | Fresha | Treatwell | Yell,16
Roofing & Guttering,Home & Trades,5,Airtasker | Bark | Checkatrade | Rated People | Yell,196
Removals & Moving,Cleaning & Household,5,Airtasker | Bark | Booksy | Checkatrade | Rated People,85
Building & Construction,Home & Trades,5,Airtasker | Bark | Checkatrade | Rated People | Yell,75
Painting & Decorating,Home & Trades,5,Airtasker | Bark | Checkatrade | Rated People | Yell,74
Electrical Services,Home & Trades,5,Airtasker | Bark | Checkatrade | Rated People | Yell,70
Gardening & Landscaping,Home & Trades,5,Airtasker | Bark | Checkatrade | Rated People | Yell,62
Plumbing,Home & Trades,5,Airtasker | Bark | Checkatrade | Rated People | Yell,24
Locksmith,Home & Trades,5,Airtasker | Bark | Checkatrade | Rated People | Yell,14
Hair & Barber Services,Beauty & Wellness,5,Airtasker | Booksy | Fresha | Treatwell | Yell,11
Spa & Wellness,Beauty & Wellness,5,Airtasker | Bark | Booksy | Checkatrade | Fresha,7
Windows & Glazing,Home & Trades,4,Airtasker | Checkatrade | Rated People | Yell,77
Security Systems,Home & Trades,4,Airtasker | Bark | Checkatrade | Rated People,41
Bathroom Services,Home & Trades,4,Airtasker | Bark | Checkatrade | Rated People,36
Fencing & Gates,Home & Trades,4,Airtasker | Checkatrade | Rated People | Yell,32
Driveways & Paving,Home & Trades,4,Airtasker | Bark | Checkatrade | Rated People,28
Carpentry & Joinery,Home & Trades,4,Airtasker | Checkatrade | Rated People | Yell,19
Aerial & Satellite Services,Home & Trades,4,Airtasker | Bark | Checkatrade | Rated People,12
Appliance Repair,Repair Services,4,Airtasker | Checkatrade | Rated People | Yell,11
Air Conditioning & Ventilation,Home & Trades,4,Airtasker | Bark | Checkatrade | Rated People,9
Architectural Services,Professional Services,4,Airtasker | Bark | Checkatrade | Yell,7
Fitness & Personal Training,Health & Fitness,4,Airtasker | Bark | Booksy | Fresha,6
Nail Services,Beauty & Wellness,4,Airtasker | Booksy | Fresha | Treatwell,6
Doors & Door Services,Home & Trades,3,Airtasker | Checkatrade | Rated People,76
Heating & Boiler Services,Home & Trades,3,Airtasker | Checkatrade | Rated People,69
Flooring,Home & Trades,3,Airtasker | Checkatrade | Rated People,58
Plastering & Rendering,Home & Trades,3,Airtasker | Checkatrade | Rated People,56
Kitchen Services,Home & Trades,3,Airtasker | Checkatrade | Rated People,53
Furniture Assembly,Repair Services,3,Airtasker | Checkatrade | Rated People,37
Therapy & Counselling,Health & Fitness,3,Airtasker | Bark | Fresha,24
Insulation,Home & Trades,3,Airtasker | Checkatrade | Rated People,16
Damp & Waterproofing,Home & Trades,3,Airtasker | Checkatrade | Rated People,15
Tiling,Home & Trades,3,Airtasker | Checkatrade | Rated People,12
Tyre Services,Automotive,3,Airtasker | Checkatrade | Yell,11
Tattoo & Piercing,Beauty & Wellness,3,Airtasker | Booksy | Fresha,10
Catering,Events & Creative,3,Airtasker | Bark | Checkatrade,9
Vehicle Repair,Automotive,3,Airtasker | Checkatrade | Yell,8
Pest Control,Home & Trades,3,Airtasker | Checkatrade | Rated People,6
Car Cleaning & Detailing,Automotive,3,Airtasker | Checkatrade | Yell,5
Demolition,Home & Trades,3,Airtasker | Checkatrade | Rated People,4
Handyman,Home & Trades,3,Airtasker | Checkatrade | Yell,4
Pet Grooming,Pet Services,3,Airtasker | Fresha | Yell,4
Rubbish Removal,Cleaning & Household,3,Airtasker | Checkatrade | Rated People,4
Massage,Beauty & Wellness,3,Booksy | Fresha | Yell,3
Web Design & Development,Professional Services,3,Airtasker | Bark | Checkatrade,3
Bespoke Furniture,Other / Unmapped,3,Airtasker | Checkatrade | Rated People,1
Cladding,Other / Unmapped,3,Airtasker | Checkatrade | Rated People,1
House Clearance,Other / Unmapped,3,Airtasker | Checkatrade | Rated People,1
Screeding,Other / Unmapped,3,Airtasker | Checkatrade | Rated People,1
Skip Hire,Other / Unmapped,3,Airtasker | Checkatrade | Yell,1
Solar Panel Installation,Other / Unmapped,3,Airtasker | Checkatrade | Rated People,1
Tree Felling,Other / Unmapped,3,Airtasker | Checkatrade | Rated People,1
Tutoring & Lessons,Education & Lessons,2,Airtasker | Bark,109
Photography,Events & Creative,2,Airtasker | Bark,19
Furniture Repair,Repair Services,2,Airtasker | Checkatrade,10
Surveying,Professional Services,2,Airtasker | Checkatrade,9
Marketing Services,Professional Services,2,Airtasker | Bark,7
Motorcycle Services,Automotive,2,Airtasker | Checkatrade,7
Computer Repair,Repair Services,2,Airtasker | Checkatrade,5
Hair Removal,Beauty & Wellness,2,Airtasker | Fresha,5
Interior Design,Professional Services,2,Airtasker | Checkatrade,5
Scaffolding,Home & Trades,2,Checkatrade | Rated People,4
Accounting & Bookkeeping,Professional Services,2,Bark | Yell,2
Aesthetics & Medspa,Beauty & Wellness,2,Booksy | Fresha,2
DJ Services,Events & Creative,2,Airtasker | Bark,2
Legal Services,Professional Services,2,Airtasker | Yell,2
Phone & Device Repair,Repair Services,2,Airtasker | Checkatrade,2
Physiotherapy,Health & Fitness,2,Airtasker | Fresha,2
Pressure Washing,Cleaning & Household,2,Airtasker | Checkatrade,2
Tanning,Beauty & Wellness,2,Airtasker | Fresha,2
Accounting,Other / Unmapped,2,Airtasker | Bark,1
Affiliates,Other / Unmapped,2,Bark | Rated People,1
Bath Resurfacing,Other / Unmapped,2,Checkatrade | Rated People,1
Built,Other / Unmapped,2,Airtasker | Checkatrade,1
Car Key Replacement,Other / Unmapped,2,Airtasker | Checkatrade,1
Chimney Sweep,Other / Unmapped,2,Airtasker | Checkatrade,1
Concrete Repair,Other / Unmapped,2,Airtasker | Checkatrade,1
Concreting,Other / Unmapped,2,Airtasker | Checkatrade,1
Conservatory Repairs,Other / Unmapped,2,Airtasker | Checkatrade,1
Courier Services,Other / Unmapped,2,Airtasker | Checkatrade,1
Crown Reduction,Other / Unmapped,2,Checkatrade | Rated People,1
Crown Thinning,Other / Unmapped,2,Checkatrade | Rated People,1
Decking,Other / Unmapped,2,Airtasker | Checkatrade,1
Decluttering,Other / Unmapped,2,Airtasker | Checkatrade,1
Dog Boarding,Other / Unmapped,2,Airtasker | Yell,1
Dog Walking,Pet Services,2,Airtasker | Bark,1
Draught Proofing,Other / Unmapped,2,Airtasker | Checkatrade,1
Dry Rot Treatment,Other / Unmapped,2,Airtasker | Checkatrade,1
Entertainment,Other / Unmapped,2,Airtasker | Bark,1
Garage Conversion,Other / Unmapped,2,Airtasker | Rated People,1
Greater Manchester,Other / Unmapped,2,Rated People | Treatwell,1
Key Cutting,Other / Unmapped,2,Airtasker | Checkatrade,1
Leadwork,Other / Unmapped,2,Checkatrade | Rated People,1
Loft Conversion,Other / Unmapped,2,Airtasker | Rated People,1
Loft Conversion Specialists,Other / Unmapped,2,Checkatrade | Rated People,1
Metal Staircases,Other / Unmapped,2,Checkatrade | Rated People,1
Milton Keynes,Other / Unmapped,2,MyBuilder | MyJobQuote,1
Mobile Welding,Other / Unmapped,2,Airtasker | Checkatrade,1
Mulching,Other / Unmapped,2,Airtasker | Checkatrade,1
Norwich,Other / Unmapped,2,MyBuilder | MyJobQuote,1
Office Clearance,Other / Unmapped,2,Airtasker | Checkatrade,1
Pet Training,Pet Services,2,Airtasker | Bark,1
Polished Concrete,Other / Unmapped,2,Checkatrade | Rated People,1
Project Management,Other / Unmapped,2,Airtasker | Checkatrade,1
Reading,Other / Unmapped,2,MyBuilder | MyJobQuote,1
Sound Proofing,Other / Unmapped,2,Checkatrade | Rated People,1
Southampton,Other / Unmapped,2,MyBuilder | MyJobQuote,1
Storage,Other / Unmapped,2,Checkatrade | Rated People,1
Structural Engineer,Other / Unmapped,2,Bark | Checkatrade,1
Stump Grinding,Other / Unmapped,2,Checkatrade | Rated People,1
Swimming Pool Maintenance,Other / Unmapped,2,Checkatrade | Rated People,1
TV Wall Mounting,Other / Unmapped,2,Airtasker | Checkatrade,1
Testimonials,Other / Unmapped,2,Checkatrade | Rated People,1
Tree Pruning,Other / Unmapped,2,Airtasker | Checkatrade,1
Underfloor Heating Installation,Other / Unmapped,2,Airtasker | Checkatrade,1
Wallpapering,Other / Unmapped,2,Airtasker | Checkatrade,1
Water Features,Other / Unmapped,2,Airtasker | Checkatrade,1
Pet Sitting,Pet Services,1,Airtasker,3
Videography,Events & Creative,1,Airtasker,2
Yoga,Health & Fitness,1,Airtasker,2
02394 317546,Other / Unmapped,1,Checkatrade,1
Aberdeen,Other / Unmapped,1,MyJobQuote,1
Access Ramp Indoor / Outdoor,Other / Unmapped,1,Checkatrade,1
Accident Repair,Other / Unmapped,1,Checkatrade,1
Acupuncture,Other / Unmapped,1,Airtasker,1
Adjustable Beds,Other / Unmapped,1,Checkatrade,1
Admin,Other / Unmapped,1,Airtasker,1
Adobe Photoshop Designer,Other / Unmapped,1,Airtasker,1
Advertising,Other / Unmapped,1,Airtasker,1
Advertising and Media Buying,Other / Unmapped,1,Bark,1
Aerobics Classes,Other / Unmapped,1,Airtasker,1
After School Care & Pick Up,Other / Unmapped,1,Airtasker,1
Aged Care,Other / Unmapped,1,Airtasker,1
Aggregate Supplier,Other / Unmapped,1,Checkatrade,1
Agricultural Contractor,Other / Unmapped,1,Checkatrade,1
Agricultural Irrigation,Other / Unmapped,1,Checkatrade,1
Agricultural Merchant,Other / Unmapped,1,Checkatrade,1
Air Source Heat Pump Engineers,Other / Unmapped,1,Checkatrade,1
Air Source Heat Pump Installation & Repairs,Other / Unmapped,1,Airtasker,1
Air Source Heat Pump Installation - ASHP,Other / Unmapped,1,Checkatrade,1
Air Source Heat Pump Installers,Other / Unmapped,1,Checkatrade,1
Air Source Heat Pump Repair,Other / Unmapped,1,Checkatrade,1
Air Source Heat Pump Servicing,Other / Unmapped,1,Checkatrade,1
Air Source Heat Pump Servicing / Repair - ASHP,Other / Unmapped,1,Checkatrade,1
Aircon Installation,Other / Unmapped,1,Airtasker,1
Aircon Repair,Other / Unmapped,1,Airtasker,1
Airport Transfers,Other / Unmapped,1,Checkatrade,1
Aldi Grocery Delivery,Other / Unmapped,1,Airtasker,1
Alfa Romeo Service,Other / Unmapped,1,Airtasker,1
Alloy Wheel Refurbishment,Other / Unmapped,1,Checkatrade,1
Alloy Wheel Repair,Other / Unmapped,1,Airtasker,1
Alloy Wheels Repairs,Other / Unmapped,1,Checkatrade,1
Alterations,Other / Unmapped,1,Airtasker,1
Alternator Repair,Other / Unmapped,1,Airtasker,1
Alternator Replacement,Other / Unmapped,1,Airtasker,1
Amplifier Repair,Other / Unmapped,1,Airtasker,1
Android App Development,Other / Unmapped,1,Airtasker,1
Angus,Other / Unmapped,1,Rated People,1
Antenna Installation,Other / Unmapped,1,Airtasker,1
Anti Vandal Coatings,Other / Unmapped,1,Checkatrade,1
Antique Restoration,Other / Unmapped,1,Checkatrade,1
Antrim,Other / Unmapped,1,Rated People,1
App Development,Other / Unmapped,1,Airtasker,1
Apple Help,Other / Unmapped,1,Airtasker,1
Apple Mac Repairs,Other / Unmapped,1,Airtasker,1
Apple TV Setup,Other / Unmapped,1,Airtasker,1
Appliance Installation,Other / Unmapped,1,Airtasker,1
Appliance Retailer,Other / Unmapped,1,Checkatrade,1
Appliance Services / Repair,Other / Unmapped,1,Checkatrade,1
Appliances,Other / Unmapped,1,Airtasker,1
Aquarium Maintenance,Other / Unmapped,1,Airtasker,1
Aquariums,Other / Unmapped,1,Checkatrade,1
Arborist,Other / Unmapped,1,Airtasker,1
Architraves,Other / Unmapped,1,Checkatrade,1
Argyll and Bute,Other / Unmapped,1,Rated People,1
Armagh,Other / Unmapped,1,Rated People,1
Artexing,Other / Unmapped,1,Checkatrade,1
Article Writing,Other / Unmapped,1,Airtasker,1
Artifical Grass / Astro Turf,Other / Unmapped,1,Rated People,1
Artificial Grass,Other / Unmapped,1,Checkatrade,1
Artisan Baker,Other / Unmapped,1,Airtasker,1
Asbestos Services,Other / Unmapped,1,Checkatrade,1
Asbestos Surveys,Other / Unmapped,1,Checkatrade,1
Asbestos Testing,Other / Unmapped,1,Checkatrade,1
Ask a tradesperson,Other / Unmapped,1,Rated People,1
At Home Personal Training,Other / Unmapped,1,Airtasker,1
Attic Ladder Installation,Other / Unmapped,1,Airtasker,1
Audi Service,Other / Unmapped,1,Airtasker,1
Audio / Visual Installation,Other / Unmapped,1,Checkatrade,1
Audio Visual,Other / Unmapped,1,Airtasker,1
AutoCAD Designer,Other / Unmapped,1,Airtasker,1
Aviaries,Other / Unmapped,1,Checkatrade,1
Awning,Other / Unmapped,1,Airtasker,1
Awning Repair,Other / Unmapped,1,Airtasker,1
Awnings / Canopies,Other / Unmapped,1,Checkatrade,1
Ayrshire and Arran,Other / Unmapped,1,Rated People,1
B2B IT Support,Other / Unmapped,1,Checkatrade,1
BBQ Delivery,Other / Unmapped,1,Airtasker,1
BBQ Repair,Other / Unmapped,1,Airtasker,1
BMW Service,Other / Unmapped,1,Airtasker,1
Baby Gift Delivery,Other / Unmapped,1,Airtasker,1
Baby Proofing,Other / Unmapped,1,Airtasker,1
Babysitter,Other / Unmapped,1,Airtasker,1
Backhoeing,Other / Unmapped,1,Airtasker,1
Bagpiper,Other / Unmapped,1,Airtasker,1
Bakers,Other / Unmapped,1,Airtasker,1
Balloon Artist,Other / Unmapped,1,Airtasker,1
Balloon Delivery,Other / Unmapped,1,Airtasker,1
Balustrades,Other / Unmapped,1,Checkatrade,1
Balustrading,Other / Unmapped,1,Airtasker,1
Band Hire,Other / Unmapped,1,Airtasker,1
Banffshire,Other / Unmapped,1,Rated People,1
Barista,Other / Unmapped,1,Airtasker,1
Barn Conversion,Other / Unmapped,1,Checkatrade,1
Barn Conversions,Other / Unmapped,1,Checkatrade,1
Bartending,Other / Unmapped,1,Airtasker,1
Basement / Cellar Conversions,Other / Unmapped,1,Checkatrade,1
Basement Conversion,Other / Unmapped,1,Airtasker,1
Basement Conversions,Other / Unmapped,1,Checkatrade,1
Basketball Training,Other / Unmapped,1,Airtasker,1
Bath resurfacing,Other / Unmapped,1,Airtasker,1
Beard Grooming,Other / Unmapped,1,Airtasker,1
Bed Repairs,Other / Unmapped,1,Airtasker,1
Bedfordshire,Other / Unmapped,1,Rated People,1
Bedroom Planner / Designer,Other / Unmapped,1,Checkatrade,1
Bedroom Showroom,Other / Unmapped,1,Checkatrade,1
Bedroom Supplier / Installer,Other / Unmapped,1,Checkatrade,1
Bedrooms,Other / Unmapped,1,Checkatrade,1
Belly Dancer,Other / Unmapped,1,Airtasker,1
Ben and Jerry's Delivery,Other / Unmapped,1,Airtasker,1
Berkshire,Other / Unmapped,1,Rated People,1
Berwickshire,Other / Unmapped,1,Rated People,1
Bespoke Metal Fabrication,Other / Unmapped,1,Checkatrade,1
Bespoke Staircases,Other / Unmapped,1,Checkatrade,1
Bicycle Courier,Other / Unmapped,1,Airtasker,1
Bicycle Service,Other / Unmapped,1,Airtasker,1
Bike / Bicycle Repairs,Other / Unmapped,1,Checkatrade,1
Bike Hanging,Other / Unmapped,1,Airtasker,1
Biomass Energy,Other / Unmapped,1,Checkatrade,1
Bird Control,Other / Unmapped,1,Airtasker,1
Bird Restriction Measures,Other / Unmapped,1,Checkatrade,1
Bird Sitting,Other / Unmapped,1,Airtasker,1
Birkenhead,Other / Unmapped,1,MyJobQuote,1
Birthday Balloon Delivery,Other / Unmapped,1,Airtasker,1
Birthday Gift Delivery,Other / Unmapped,1,Airtasker,1
Birthday Grams,Other / Unmapped,1,Airtasker,1
Blacksmith / Metal worker,Other / Unmapped,1,Rated People,1
Blacksmith / Metal workers,Other / Unmapped,1,Rated People,1
Blacksmithing,Other / Unmapped,1,Airtasker,1
Blind / Curtain / Shutter - Installation,Other / Unmapped,1,Rated People,1
Blind Fitter,Other / Unmapped,1,Checkatrade,1
Blind Repairs,Other / Unmapped,1,Airtasker,1
Blind Supplier,Other / Unmapped,1,Checkatrade,1
Blind Supply & Fit,Other / Unmapped,1,Checkatrade,1
Block Management,Other / Unmapped,1,Checkatrade,1
Blocked Baths,Other / Unmapped,1,Checkatrade,1
Blocked Drains,Other / Unmapped,1,Checkatrade,1
Blocked Sinks,Other / Unmapped,1,Checkatrade,1
Blocked Toilets,Other / Unmapped,1,Checkatrade,1
Blog Writing,Other / Unmapped,1,Airtasker,1
Blow Dry,Other / Unmapped,1,Airtasker,1
Board-Up Service,Other / Unmapped,1,Airtasker,1
Boat Transport,Other / Unmapped,1,Airtasker,1
Body exfoliation,Other / Unmapped,1,Treatwell,1
Bolton,Other / Unmapped,1,MyJobQuote,1
Bonded Aggregate Surfacing,Other / Unmapped,1,Checkatrade,1
Bootcamp Training,Other / Unmapped,1,Airtasker,1
Boring Excavation,Other / Unmapped,1,Airtasker,1
Bouncy Castle Hire,Other / Unmapped,1,Checkatrade,1
Bournemouth,Other / Unmapped,1,MyJobQuote,1
Boxing Instructor,Other / Unmapped,1,Airtasker,1
Braids & Locs,Other / Unmapped,1,Booksy,1
Brake Pad Replacement,Other / Unmapped,1,Airtasker,1
Brake Repair,Other / Unmapped,1,Airtasker,1
Branding Designer,Other / Unmapped,1,Airtasker,1
Bread Delivery,Other / Unmapped,1,Airtasker,1
Breakdown Assistance,Other / Unmapped,1,Checkatrade,1
Breakfast Takeaway & Delivery,Other / Unmapped,1,Airtasker,1
Broadband Fault Finding,Other / Unmapped,1,Checkatrade,1
Broadband repair,Other / Unmapped,1,Checkatrade,1
Buckinghamshire,Other / Unmapped,1,Rated People,1
Budgeting Help,Other / Unmapped,1,Airtasker,1
Built-In Furniture,Other / Unmapped,1,Rated People,1
Bulky Waste Collection,Other / Unmapped,1,Airtasker,1
Burger King Delivery,Other / Unmapped,1,Airtasker,1
Burger Takeaway,Other / Unmapped,1,Airtasker,1
Burglar Repairs,Other / Unmapped,1,Rated People,1
Business Advisory,Other / Unmapped,1,Airtasker,1
Business Coach,Other / Unmapped,1,Airtasker,1
Business Consultant,Other / Unmapped,1,Airtasker,1
Business Consulting,Other / Unmapped,1,Bark,1
CAD Designer,Other / Unmapped,1,Airtasker,1
CPR Training,Other / Unmapped,1,Airtasker,1
Cabinet Design,Other / Unmapped,1,Airtasker,1
Cabinet Installation,Other / Unmapped,1,Airtasker,1
Cabinet Makers / Handmade Furniture,Other / Unmapped,1,Checkatrade,1
Cabinet Making,Other / Unmapped,1,Airtasker,1
Cabling,Other / Unmapped,1,Checkatrade,1
Cafes & Coffee Shops,Other / Unmapped,1,Yell,1
Caithness,Other / Unmapped,1,Rated People,1
Cake Delivery,Other / Unmapped,1,Airtasker,1
Cake Toppers,Other / Unmapped,1,Airtasker,1
Cambelt Change,Other / Unmapped,1,Airtasker,1
Cambelts,Other / Unmapped,1,Checkatrade,1
Cambridgeshire,Other / Unmapped,1,Rated People,1
Car Accident Repair,Other / Unmapped,1,Airtasker,1
Car Aircon Regas,Other / Unmapped,1,Airtasker,1
Car Aircon Repair,Other / Unmapped,1,Airtasker,1
Car Audio,Other / Unmapped,1,Checkatrade,1
Car Battery Replacement,Other / Unmapped,1,Airtasker,1
Car Body Repair,Other / Unmapped,1,Airtasker,1
Car Body Repairs,Other / Unmapped,1,Yell,1
Car Body Work,Other / Unmapped,1,Airtasker,1
Car Bumper Repair,Other / Unmapped,1,Airtasker,1
Car CD Player Installation,Other / Unmapped,1,Airtasker,1
Car Dealerships,Other / Unmapped,1,Checkatrade,1
Car Delivery Service,Other / Unmapped,1,Airtasker,1
Car Diagnostics,Other / Unmapped,1,Airtasker,1
Car Inspection,Other / Unmapped,1,Airtasker,1
Car Key Repair,Other / Unmapped,1,Airtasker,1
Car Keyless Entry System Installation,Other / Unmapped,1,Airtasker,1
Car Ports,Other / Unmapped,1,Checkatrade,1
Car Respray,Other / Unmapped,1,Airtasker,1
Car Restoration,Other / Unmapped,1,Airtasker,1
Car Sales / Commercial Sales,Other / Unmapped,1,Checkatrade,1
Car Scratch Repair,Other / Unmapped,1,Airtasker,1
Car Seat Repair,Other / Unmapped,1,Airtasker,1
Car Service,Other / Unmapped,1,Airtasker,1
Car Servicing,Other / Unmapped,1,Checkatrade,1
Car Servicing and MOT,Other / Unmapped,1,Airtasker,1
Car Speaker Installation,Other / Unmapped,1,Airtasker,1
Car Stereo Installation,Other / Unmapped,1,Airtasker,1
Car Valet,Other / Unmapped,1,Airtasker,1
Car Welding,Other / Unmapped,1,Airtasker,1
Car Wrapping,Other / Unmapped,1,Airtasker,1
Caravan Transport,Other / Unmapped,1,Airtasker,1
Caravan Valeting,Other / Unmapped,1,Checkatrade,1
Carbon Bike Repair,Other / Unmapped,1,Airtasker,1
Carburetor Tuning,Other / Unmapped,1,Airtasker,1
Career Coach,Other / Unmapped,1,Airtasker,1
Carpet Fitter,Other / Unmapped,1,Checkatrade,1
Carpet Fitters,Other / Unmapped,1,Rated People,1
Carpet Laying & Installation,Other / Unmapped,1,Airtasker,1
Carpet Repair / Stretching,Other / Unmapped,1,Checkatrade,1
Carpet Supplier,Other / Unmapped,1,Checkatrade,1
Carpet Supply & Fit,Other / Unmapped,1,Checkatrade,1
Carpet Tiles,Other / Unmapped,1,Checkatrade,1
Carport Manufacturers,Other / Unmapped,1,Checkatrade,1
Carport Suppliers,Other / Unmapped,1,Checkatrade,1
Carports Installed,Other / Unmapped,1,Checkatrade,1
Case Study Writing,Other / Unmapped,1,Airtasker,1
Cat Boarding,Other / Unmapped,1,Airtasker,1
Cat Care,Other / Unmapped,1,Airtasker,1
Cat Flap - Installation,Other / Unmapped,1,Rated People,1
Cat Flap Fitter,Other / Unmapped,1,Airtasker,1
Cat Flaps,Other / Unmapped,1,Checkatrade,1
Cat Grooming,Other / Unmapped,1,Airtasker,1
Cat Training,Other / Unmapped,1,Airtasker,1
Catalogue Delivery,Other / Unmapped,1,Airtasker,1
Ceiling Cladding,Other / Unmapped,1,Airtasker,1
Ceiling Fan Installation,Other / Unmapped,1,Airtasker,1
Ceiling Fan Repair,Other / Unmapped,1,Airtasker,1
Celebration Cakes,Other / Unmapped,1,Airtasker,1
Cellar & Basement Clearance,Other / Unmapped,1,Airtasker,1
Cellar & Basement Conversion,Other / Unmapped,1,Rated People,1
Central Locking Installation,Other / Unmapped,1,Airtasker,1
Chainsaw Service & Repair,Other / Unmapped,1,Airtasker,1
Chainsawing,Other / Unmapped,1,Airtasker,1
Chair Repair,Other / Unmapped,1,Airtasker,1
Chandelier Installation,Other / Unmapped,1,Airtasker,1
Charity Shops,Other / Unmapped,1,Yell,1
Chauffeur,Other / Unmapped,1,Checkatrade,1
Check Any Tradesperson,Other / Unmapped,1,Checkatrade,1
Checkatrade Standard,Other / Unmapped,1,Checkatrade,1
Chef,Other / Unmapped,1,Airtasker,1
Chelmsford,Other / Unmapped,1,MyJobQuote,1
Cherry Picker,Other / Unmapped,1,Checkatrade,1
Cheshire,Other / Unmapped,1,Rated People,1
Chicken Runs,Other / Unmapped,1,Airtasker,1
Chicken Takeaway,Other / Unmapped,1,Airtasker,1
Childcare & Safety,Other / Unmapped,1,Airtasker,1
Childminders,Other / Unmapped,1,Airtasker,1
Chimney Cowlings Installation,Other / Unmapped,1,Checkatrade,1
Chimney Cowlings Repair,Other / Unmapped,1,Checkatrade,1
Chimney Relining,Other / Unmapped,1,Checkatrade,1
Chimney Repair,Other / Unmapped,1,Airtasker,1
Chimney Services,Other / Unmapped,1,Airtasker,1
Chimneys Installation,Other / Unmapped,1,Checkatrade,1
Chimneys Repair,Other / Unmapped,1,Checkatrade,1
Chinese Takeaway,Other / Unmapped,1,Airtasker,1
Chinese Takeaways,Other / Unmapped,1,Yell,1
Chiropodists and podiatrists,Other / Unmapped,1,Yell,1
Chisel Sharpening,Other / Unmapped,1,Airtasker,1
Chocolate Delivery,Other / Unmapped,1,Airtasker,1
Christmas Gift Delivery,Other / Unmapped,1,Airtasker,1
Christmas Light Installations,Other / Unmapped,1,Airtasker,1
Christmas Tree Delivery,Other / Unmapped,1,Airtasker,1
Christmas Tree Disposal,Other / Unmapped,1,Airtasker,1
Circuit Board Repair,Other / Unmapped,1,Airtasker,1
City of Aberdeen,Other / Unmapped,1,Rated People,1
City of Dundee,Other / Unmapped,1,Rated People,1
City of Edinburgh,Other / Unmapped,1,Rated People,1
City of Glasgow,Other / Unmapped,1,Rated People,1
Clackmannan,Other / Unmapped,1,Rated People,1
Cladding Installers,Other / Unmapped,1,Checkatrade,1
Cladding Repairs,Other / Unmapped,1,Airtasker,1
Cladding Replacement,Other / Unmapped,1,Airtasker,1
Classic Car Restoration,Other / Unmapped,1,Checkatrade,1
Clearance Services,Other / Unmapped,1,Airtasker,1
Climbing Frame Installer,Other / Unmapped,1,Airtasker,1
Clothesline Installation,Other / Unmapped,1,Airtasker,1
Clothing Repair,Other / Unmapped,1,Airtasker,1
Clown,Other / Unmapped,1,Airtasker,1
Clutch Replacement,Other / Unmapped,1,Airtasker,1
Clutches,Other / Unmapped,1,Checkatrade,1
Clwyd,Other / Unmapped,1,Rated People,1
Coaching,Other / Unmapped,1,Airtasker,1
Coat Repair,Other / Unmapped,1,Airtasker,1
Coffee Delivery,Other / Unmapped,1,Airtasker,1
Coffee Machine Repairs,Other / Unmapped,1,Airtasker,1
Coffee Shop Designers,Other / Unmapped,1,Airtasker,1
Coffee Table Repair,Other / Unmapped,1,Airtasker,1
Comedians,Other / Unmapped,1,Airtasker,1
Commercial Agents,Other / Unmapped,1,Checkatrade,1
Commercial Deliveries,Other / Unmapped,1,Checkatrade,1
Commercial Grass Cutting,Other / Unmapped,1,Checkatrade,1
Commercial Laundry,Other / Unmapped,1,Airtasker,1
Commercial Waste Collection,Other / Unmapped,1,Airtasker,1
Composite Decking,Other / Unmapped,1,Checkatrade,1
Computer Hardware,Other / Unmapped,1,Airtasker,1
Computer Maintenance,Other / Unmapped,1,Checkatrade,1
Computer Sales,Other / Unmapped,1,Checkatrade,1
Computer Support,Other / Unmapped,1,Airtasker,1
Computer Training,Other / Unmapped,1,Airtasker,1
Computer Training / Consultancy,Other / Unmapped,1,Checkatrade,1
Computer Upgrades,Other / Unmapped,1,Airtasker,1
Computers & IT,Other / Unmapped,1,Airtasker,1
Concrete Contractor,Other / Unmapped,1,Checkatrade,1
Concrete Cutting,Other / Unmapped,1,Airtasker,1
Concrete Delivery,Other / Unmapped,1,Airtasker,1
Concrete Garages,Other / Unmapped,1,Checkatrade,1
Concrete Resurfacing,Other / Unmapped,1,Airtasker,1
Condensation Control,Other / Unmapped,1,Checkatrade,1
Conservatory,Other / Unmapped,1,Rated People,1
Conservatory Blinds,Other / Unmapped,1,Checkatrade,1
Conservatory Blinds Installation,Other / Unmapped,1,Airtasker,1
Conservatory Glass Heat Reduction Film,Other / Unmapped,1,Checkatrade,1
Conservatory Installation,Other / Unmapped,1,Checkatrade,1
Console Repair,Other / Unmapped,1,Airtasker,1
Content Creation,Other / Unmapped,1,Airtasker,1
Cooker Hood Installation & Repair,Other / Unmapped,1,Airtasker,1
Cooking,Other / Unmapped,1,Airtasker,1
Cooktop Installation,Other / Unmapped,1,Airtasker,1
Copywriting,Other / Unmapped,1,Airtasker,1
Copywriting Services,Other / Unmapped,1,Bark,1
Core Drilling,Other / Unmapped,1,Checkatrade,1
Cornice Repair,Other / Unmapped,1,Airtasker,1
Cornwall,Other / Unmapped,1,Rated People,1
Corporate Filming,Other / Unmapped,1,Checkatrade,1
Cost guides,Other / Unmapped,1,Rated People,1
Costa Coffee Delivery,Other / Unmapped,1,Airtasker,1
Costume Maker,Other / Unmapped,1,Airtasker,1
Couple Photoshoots,Other / Unmapped,1,Airtasker,1
Coving,Other / Unmapped,1,Checkatrade,1
Crafts,Other / Unmapped,1,Bark,1
Crane Hire,Other / Unmapped,1,Checkatrade,1
Create a job,Other / Unmapped,1,Rated People,1
Creative Writer,Other / Unmapped,1,Airtasker,1
Cumbria,Other / Unmapped,1,Rated People,1
Cupboards,Other / Unmapped,1,Checkatrade,1
Curly Hair Specialists,Other / Unmapped,1,Airtasker,1
Curtain / Blind Fitters,Other / Unmapped,1,Checkatrade,1
Curtain Fitter,Other / Unmapped,1,Checkatrade,1
Curtain Poles / Tracks,Other / Unmapped,1,Checkatrade,1
Curtain Rod Installation,Other / Unmapped,1,Airtasker,1
Curtain Supply & Fit,Other / Unmapped,1,Checkatrade,1
Curtains & Blinds Fitters,Other / Unmapped,1,Airtasker,1
Curtains / Blinds / Shutters,Other / Unmapped,1,Checkatrade,1
Custom Birthday Cakes,Other / Unmapped,1,Airtasker,1
Custom Cakes,Other / Unmapped,1,Airtasker,1
Custom Shelving,Other / Unmapped,1,Airtasker,1
Cycling Training,Other / Unmapped,1,Airtasker,1
Dancer,Other / Unmapped,1,Airtasker,1
Dash Cam Installation,Other / Unmapped,1,Airtasker,1
Data Cable Installation,Other / Unmapped,1,Airtasker,1
Data Entry,Other / Unmapped,1,Airtasker,1
Data Recovery,Other / Unmapped,1,Airtasker,1
Data Recovery / Back up,Other / Unmapped,1,Checkatrade,1
Data Shredding,Other / Unmapped,1,Checkatrade,1
Database Developer,Other / Unmapped,1,Airtasker,1
Day Nurseries,Other / Unmapped,1,Yell,1
Deck Repair,Other / Unmapped,1,Airtasker,1
Deck Sealing,Other / Unmapped,1,Airtasker,1
Deck Staining,Other / Unmapped,1,Airtasker,1
Delivery,Other / Unmapped,1,Airtasker,1
Dent Repair,Other / Unmapped,1,Checkatrade,1
Dental,Other / Unmapped,1,Booksy,1
Dentists,Other / Unmapped,1,Yell,1
Derbyshire,Other / Unmapped,1,Rated People,1
Design,Other / Unmapped,1,Airtasker,1
Design & Web,Other / Unmapped,1,Bark,1
Dessert Delivery,Other / Unmapped,1,Airtasker,1
Development and Software,Other / Unmapped,1,Bark,1
Devon,Other / Unmapped,1,Rated People,1
Diagnostic Testing,Other / Unmapped,1,Checkatrade,1
Diamond Drilling,Other / Unmapped,1,Checkatrade,1
Dietitian,Other / Unmapped,1,Airtasker,1
Digital Design,Other / Unmapped,1,Airtasker,1
Digital Home Network,Other / Unmapped,1,Rated People,1
Dining Chair Repair,Other / Unmapped,1,Airtasker,1
Dinner Delivery,Other / Unmapped,1,Airtasker,1
Disability Access Installation,Other / Unmapped,1,Rated People,1
Disabled Access / Mobility Service,Other / Unmapped,1,Rated People,1
Discover,Other / Unmapped,1,Yell,1
Dishwasher Not Draining,Other / Unmapped,1,Airtasker,1
Doctors (medical Practitioners),Other / Unmapped,1,Yell,1
Document Filing,Other / Unmapped,1,Airtasker,1
Dog Care,Other / Unmapped,1,Airtasker,1
Dog Day Care,Other / Unmapped,1,Airtasker,1
Dog Flaps,Other / Unmapped,1,Checkatrade,1
Dog Food Delivery,Other / Unmapped,1,Airtasker,1
Dog Wash,Other / Unmapped,1,Airtasker,1
Donut Delivery,Other / Unmapped,1,Airtasker,1
Dorset,Other / Unmapped,1,Rated People,1
Down,Other / Unmapped,1,Rated People,1
Downlights Installation,Other / Unmapped,1,Airtasker,1
Download app,Other / Unmapped,1,Checkatrade,1
Download on the App Store,Other / Unmapped,1,Rated People,1
Downpipe Installation & Repair,Other / Unmapped,1,Airtasker,1
Drafting,Other / Unmapped,1,Airtasker,1
Draftsman,Other / Unmapped,1,Airtasker,1
Drain / Sewer Clearance,Other / Unmapped,1,Checkatrade,1
Drain Installation,Other / Unmapped,1,Checkatrade,1
Drain Relining,Other / Unmapped,1,Checkatrade,1
Drain Repair,Other / Unmapped,1,Checkatrade,1
Drainage Investigation,Other / Unmapped,1,Checkatrade,1
Drainage Specialist,Other / Unmapped,1,Rated People,1
Drainage Specialists,Other / Unmapped,1,Rated People,1
Drawing,Other / Unmapped,1,Airtasker,1
Dressmakers,Other / Unmapped,1,Airtasker,1
Dried Flower Delivery,Other / Unmapped,1,Airtasker,1
Drip Irrigation Systems,Other / Unmapped,1,Airtasker,1
Driving,Other / Unmapped,1,Airtasker,1
Driving instructors,Other / Unmapped,1,Yell,1
Drone Repair,Other / Unmapped,1,Airtasker,1
Drone Training,Other / Unmapped,1,Airtasker,1
Drop Ceiling Installation,Other / Unmapped,1,Checkatrade,1
Drop Ceiling Repair,Other / Unmapped,1,Checkatrade,1
Drop Kerbs,Other / Unmapped,1,Checkatrade,1
Dry Lining,Other / Unmapped,1,Checkatrade,1
Dry Ridge Installation,Other / Unmapped,1,Checkatrade,1
Dry Ridge Repair,Other / Unmapped,1,Checkatrade,1
Dry Stone Walling,Other / Unmapped,1,Checkatrade,1
Dry Verge Installation,Other / Unmapped,1,Checkatrade,1
Dry Verge Repair,Other / Unmapped,1,Checkatrade,1
Dryer Installation,Other / Unmapped,1,Airtasker,1
Dryer Repair,Other / Unmapped,1,Airtasker,1
Drywall Repair & Patch,Other / Unmapped,1,Airtasker,1
Dumfries,Other / Unmapped,1,Rated People,1
Dunbartonshire,Other / Unmapped,1,Rated People,1
Durham,Other / Unmapped,1,Rated People,1
Dust / Fume Extraction,Other / Unmapped,1,Checkatrade,1
Dusting,Other / Unmapped,1,Airtasker,1
Dyfed,Other / Unmapped,1,Rated People,1
Dyson Wall Mounting,Other / Unmapped,1,Airtasker,1
EPOS,Other / Unmapped,1,Checkatrade,1
EV Charger Installation Only,Other / Unmapped,1,Checkatrade,1
EV Charger Repair,Other / Unmapped,1,Checkatrade,1
EV Charger Supply and Install,Other / Unmapped,1,Checkatrade,1
EV Services,Other / Unmapped,1,Airtasker,1
East Lothian,Other / Unmapped,1,Rated People,1
East Riding of Yorkshire,Other / Unmapped,1,Rated People,1
East Sussex,Other / Unmapped,1,Rated People,1
Electronic Repair,Other / Unmapped,1,Airtasker,1
Eligibility Criteria and T&C’s apply,Other / Unmapped,1,Checkatrade,1
Email Setup,Other / Unmapped,1,Airtasker,1
Embroidery Services,Other / Unmapped,1,Airtasker,1
Emergency Appliance Services / Repair Service,Other / Unmapped,1,Checkatrade,1
Emergency Asbestos Service,Other / Unmapped,1,Checkatrade,1
Emergency Chimney Sweep Service,Other / Unmapped,1,Checkatrade,1
Emergency Curtains / Blinds / Shutters Service,Other / Unmapped,1,Checkatrade,1
Emergency Drain / Sewer Clearance Service,Other / Unmapped,1,Checkatrade,1
Emergency Fireplaces / Stove Service,Other / Unmapped,1,Checkatrade,1
Emergency Garage / Vehicle Service,Other / Unmapped,1,Checkatrade,1
Emergency Glazing,Other / Unmapped,1,Airtasker,1
Emergency Groundwork Service,Other / Unmapped,1,Checkatrade,1
Emergency Hire Service,Other / Unmapped,1,Checkatrade,1
Emergency Home Automation / Media Service,Other / Unmapped,1,Checkatrade,1
Emergency Household Water Treatment Service,Other / Unmapped,1,Checkatrade,1
Emergency IT and Consultancy Service,Other / Unmapped,1,Checkatrade,1
Emergency Landlord Service,Other / Unmapped,1,Checkatrade,1
Emergency Metalwork / Blacksmith Service,Other / Unmapped,1,Checkatrade,1
Emergency Miscellaneous Service,Other / Unmapped,1,Checkatrade,1
Emergency Mobility Service,Other / Unmapped,1,Checkatrade,1
Emergency Renewable Energy Service,Other / Unmapped,1,Checkatrade,1
Emergency Stonemason Service,Other / Unmapped,1,Checkatrade,1
Emergency Surface Repair Service,Other / Unmapped,1,Checkatrade,1
Emergency Swimming Pool Service,Other / Unmapped,1,Checkatrade,1
Emergency Telecommunication Service,Other / Unmapped,1,Checkatrade,1
Emergency Towing / Transportation Service,Other / Unmapped,1,Checkatrade,1
Emergency Transport Service,Other / Unmapped,1,Checkatrade,1
Emergency Weather Coating Service,Other / Unmapped,1,Checkatrade,1
Employment Law,Other / Unmapped,1,Bark,1
Energy Performance Certificate,Other / Unmapped,1,Checkatrade,1
Energy Performance Certificate - EPC,Other / Unmapped,1,Checkatrade,1
Energy Tariff Broker,Other / Unmapped,1,Checkatrade,1
Engine Rebuild,Other / Unmapped,1,Airtasker,1
Engine Rebuilding,Other / Unmapped,1,Checkatrade,1
Engine Replacement,Other / Unmapped,1,Airtasker,1
Engraving,Other / Unmapped,1,Airtasker,1
Equestrian Stable,Other / Unmapped,1,Checkatrade,1
Errand Runners,Other / Unmapped,1,Airtasker,1
Essex,Other / Unmapped,1,Rated People,1
Estate agents,Other / Unmapped,1,Yell,1
Event Staff,Other / Unmapped,1,Airtasker,1
Events,Other / Unmapped,1,Airtasker,1
Events Setting,Other / Unmapped,1,Checkatrade,1
Executive Coach,Other / Unmapped,1,Airtasker,1
Exeter,Other / Unmapped,1,MyJobQuote,1
Exhaust Repair,Other / Unmapped,1,Airtasker,1
Extractor Fan Installation,Other / Unmapped,1,Airtasker,1
Extractor Fans,Other / Unmapped,1,Checkatrade,1
Fade buzz,Other / Unmapped,1,Treatwell,1
Family Photoshoots,Other / Unmapped,1,Airtasker,1
Fan Belt Replacement,Other / Unmapped,1,Airtasker,1
Farm Gate,Other / Unmapped,1,Checkatrade,1
Farmers,Other / Unmapped,1,Yell,1
Fast Food Delivery,Other / Unmapped,1,Airtasker,1
Father's Day Gift Delivery,Other / Unmapped,1,Airtasker,1
Fault Finding,Other / Unmapped,1,Checkatrade,1
"Feature your business in our national printed directories delivered in over 55,000 inserts.",Other / Unmapped,1,Checkatrade,1
Female Personal Training,Other / Unmapped,1,Airtasker,1
Fermanagh,Other / Unmapped,1,Rated People,1
Fiat Service,Other / Unmapped,1,Airtasker,1
Fife,Other / Unmapped,1,Rated People,1
File Conversion Help,Other / Unmapped,1,Airtasker,1
Financial Advisor,Other / Unmapped,1,Airtasker,1
Financial Modelling,Other / Unmapped,1,Airtasker,1
Financial Planning,Other / Unmapped,1,Airtasker,1
Financial Reporting,Other / Unmapped,1,Airtasker,1
Financial advisers,Other / Unmapped,1,Yell,1
Find a Tradesman,Other / Unmapped,1,Checkatrade,1
Find a tradesperson,Other / Unmapped,1,Rated People,1
Fire Damage,Other / Unmapped,1,Airtasker,1
Fire Damage Restoration,Other / Unmapped,1,Checkatrade,1
Fire Extinguishers,Other / Unmapped,1,Checkatrade,1
Fire Risk Assessment,Other / Unmapped,1,Checkatrade,1
Fire Risk Assessment Service,Other / Unmapped,1,Airtasker,1
Fire and Flood Renovation,Other / Unmapped,1,Checkatrade,1
Fireplace,Other / Unmapped,1,Rated People,1
Fireplace Installation,Other / Unmapped,1,Airtasker,1
Fireplace Surround,Other / Unmapped,1,Checkatrade,1
Fireplaces,Other / Unmapped,1,Checkatrade,1
Fireplaces / Stoves,Other / Unmapped,1,Checkatrade,1
First Aid Training,Other / Unmapped,1,Airtasker,1
Fish & Chips Takeaway,Other / Unmapped,1,Airtasker,1
Fish Tank Repair,Other / Unmapped,1,Airtasker,1
Fitted Bedrooms / Wardrobes,Other / Unmapped,1,Rated People,1
Fitted Wardrobes,Other / Unmapped,1,Checkatrade,1
Fixed Lines,Other / Unmapped,1,Checkatrade,1
Flat Ceilings,Other / Unmapped,1,Checkatrade,1
Flat Clearance,Other / Unmapped,1,Airtasker,1
Flat Management,Other / Unmapped,1,Checkatrade,1
Flatpack wardrobe setup,Other / Unmapped,1,Checkatrade,1
Flea Exterminator,Other / Unmapped,1,Airtasker,1
Flood Restoration,Other / Unmapped,1,Checkatrade,1
Florist,Other / Unmapped,1,Airtasker,1
Florists,Other / Unmapped,1,Yell,1
Flower & Balloon Delivery,Other / Unmapped,1,Airtasker,1
Flower Arrangements,Other / Unmapped,1,Airtasker,1
Flower Delivery,Other / Unmapped,1,Airtasker,1
Flower Wall,Other / Unmapped,1,Airtasker,1
Flyer Design,Other / Unmapped,1,Airtasker,1
Flyscreen Installation,Other / Unmapped,1,Airtasker,1
Food Delivery,Other / Unmapped,1,Airtasker,1
Food Waste Disposal,Other / Unmapped,1,Airtasker,1
For tradespeople,Other / Unmapped,1,Rated People,1
Ford Service,Other / Unmapped,1,Airtasker,1
Foundations,Other / Unmapped,1,Checkatrade,1
Freesat,Other / Unmapped,1,Checkatrade,1
Freeview,Other / Unmapped,1,Checkatrade,1
Freezer Installation,Other / Unmapped,1,Airtasker,1
Freezer Repair,Other / Unmapped,1,Airtasker,1
French Baker,Other / Unmapped,1,Airtasker,1
French Polisher,Other / Unmapped,1,Checkatrade,1
French Polishing,Other / Unmapped,1,Airtasker,1
Fresh Food Delivery,Other / Unmapped,1,Airtasker,1
Fridge / Freezer Repair,Other / Unmapped,1,Checkatrade,1
Fruit Delivery,Other / Unmapped,1,Airtasker,1
Fuel Injection Repair,Other / Unmapped,1,Airtasker,1
Fuel Pump Replacement,Other / Unmapped,1,Airtasker,1
Full English Breakfast Delivery,Other / Unmapped,1,Airtasker,1
Fumigation,Other / Unmapped,1,Checkatrade,1
Furniture Delivery,Other / Unmapped,1,Airtasker,1
Furniture Makers,Other / Unmapped,1,Airtasker,1
Furniture Shops,Other / Unmapped,1,Yell,1
Fuseboard / Consumer Unit Installation,Other / Unmapped,1,Checkatrade,1
Fuseboard / Consumer Unit Repair,Other / Unmapped,1,Checkatrade,1
GHD Repair,Other / Unmapped,1,Airtasker,1
Garage / Vehicle Services,Other / Unmapped,1,Checkatrade,1
Garage Clearance,Other / Unmapped,1,Airtasker,1
Garage Conversion Specialists,Other / Unmapped,1,Checkatrade,1
Garage Conversions,Other / Unmapped,1,Checkatrade,1
Garage services,Other / Unmapped,1,Yell,1
Gas Burner Repair,Other / Unmapped,1,Airtasker,1
Gas Cooker / Hob - Installation,Other / Unmapped,1,Rated People,1
Gas Cooker / Hob - Repair,Other / Unmapped,1,Rated People,1
Gas Cooker Disposal,Other / Unmapped,1,Checkatrade,1
Gas Cooker Installation,Other / Unmapped,1,Checkatrade,1
Gas Cooker Repair,Other / Unmapped,1,Checkatrade,1
Gas Fire,Other / Unmapped,1,Rated People,1
Gas Fire Installation,Other / Unmapped,1,Checkatrade,1
Gas Fire Servicing / Repair,Other / Unmapped,1,Checkatrade,1
Gas Fitters,Other / Unmapped,1,Airtasker,1
Gas Hob Repair,Other / Unmapped,1,Airtasker,1
Gas Safety Checks - CP12,Other / Unmapped,1,Checkatrade,1
Gas Services,Home & Trades,1,Yell,1
Gas Stove Installation & Repair,Other / Unmapped,1,Airtasker,1
Gate Automation,Other / Unmapped,1,Checkatrade,1
Gates,Other / Unmapped,1,Checkatrade,1
Gateshead,Other / Unmapped,1,MyJobQuote,1
Gazebo Installation & Repair,Other / Unmapped,1,Airtasker,1
Gearbox,Other / Unmapped,1,Checkatrade,1
Gearbox Repair,Other / Unmapped,1,Airtasker,1
General Accounting,Other / Unmapped,1,Bark,1
General Contractors,Other / Unmapped,1,Airtasker,1
General Fitted Furniture,Other / Unmapped,1,Rated People,1
General Labour,Other / Unmapped,1,Airtasker,1
Generator Repair,Other / Unmapped,1,Airtasker,1
Get it on Google Play,Other / Unmapped,1,Rated People,1
Ghostwriting,Other / Unmapped,1,Airtasker,1
Gift Basket Delivery,Other / Unmapped,1,Airtasker,1
Gift Delivery,Other / Unmapped,1,Airtasker,1
Gift Wrapping,Other / Unmapped,1,Airtasker,1
Glasgow Area,Other / Unmapped,1,Treatwell,1
Glass,Other / Unmapped,1,Checkatrade,1
Glass Balustrades,Other / Unmapped,1,Checkatrade,1
Glass Cutting,Other / Unmapped,1,Airtasker,1
Glass Polishing,Other / Unmapped,1,Checkatrade,1
Glass Replacement,Other / Unmapped,1,Checkatrade,1
Glass Restoration,Other / Unmapped,1,Checkatrade,1
Glass Surface Repair,Other / Unmapped,1,Checkatrade,1
Gloucester,Other / Unmapped,1,MyJobQuote,1
Gloucestershire,Other / Unmapped,1,Rated People,1
Glow Plug Replacement,Other / Unmapped,1,Airtasker,1
Gluten Free Baker,Other / Unmapped,1,Airtasker,1
Gluten Free Cake Delivery,Other / Unmapped,1,Airtasker,1
Gluten Free Takeaway,Other / Unmapped,1,Airtasker,1
Golf / Bowls Greens,Other / Unmapped,1,Checkatrade,1
Google Analytics,Other / Unmapped,1,Airtasker,1
Grab hire,Other / Unmapped,1,Checkatrade,1
Graphic Designer,Other / Unmapped,1,Airtasker,1
Graphic Designers,Other / Unmapped,1,Checkatrade,1
Grass Cutting,Other / Unmapped,1,Checkatrade,1
Gravestone Renovation,Other / Unmapped,1,Checkatrade,1
Greek Baker,Other / Unmapped,1,Airtasker,1
Greek Takeaway,Other / Unmapped,1,Airtasker,1
Green Oak Framing,Other / Unmapped,1,Checkatrade,1
Green Waste Collection,Other / Unmapped,1,Airtasker,1
Greenhouse Installation,Other / Unmapped,1,Checkatrade,1
Greenhouse Supplier,Other / Unmapped,1,Checkatrade,1
Gritting,Other / Unmapped,1,Checkatrade,1
Grocery Delivery,Other / Unmapped,1,Airtasker,1
Ground Source Heat Pump Engineers,Other / Unmapped,1,Checkatrade,1
Ground Source Heat Pump Installation - GSHP,Other / Unmapped,1,Checkatrade,1
Ground Source Heat Pump Installers,Other / Unmapped,1,Checkatrade,1
Ground Source Heat Pump Repair,Other / Unmapped,1,Checkatrade,1
Ground Source Heat Pump Servicing,Other / Unmapped,1,Checkatrade,1
Ground Source Heat Pump Servicing / Repair - GSHP,Other / Unmapped,1,Checkatrade,1
Grounds Maintenance,Other / Unmapped,1,Checkatrade,1
Groundwork / Foundations,Other / Unmapped,1,Rated People,1
Groundworks,Other / Unmapped,1,Checkatrade,1
Gwent,Other / Unmapped,1,Rated People,1
Gwynedd,Other / Unmapped,1,Rated People,1
Gym Buddy,Other / Unmapped,1,Airtasker,1
HIIT Training,Other / Unmapped,1,Airtasker,1
HR Services,Other / Unmapped,1,Airtasker,1
Hair Braiding,Other / Unmapped,1,Airtasker,1
Halal Takeaway,Other / Unmapped,1,Airtasker,1
Hampshire,Other / Unmapped,1,Rated People,1
Hand Made Tiles,Other / Unmapped,1,Checkatrade,1
Handrails,Other / Unmapped,1,Checkatrade,1
Handyperson,Other / Unmapped,1,Rated People,1
Handypersons,Other / Unmapped,1,Rated People,1
Hardware Consultants / Technicians,Other / Unmapped,1,Checkatrade,1
Haulage,Other / Unmapped,1,Checkatrade,1
Head Gasket Repair,Other / Unmapped,1,Airtasker,1
Head Unit Installation,Other / Unmapped,1,Airtasker,1
Headlight Bulb Replacement,Other / Unmapped,1,Airtasker,1
Headphone Repair,Other / Unmapped,1,Airtasker,1
Healthy Takeaway,Other / Unmapped,1,Airtasker,1
Heart layers,Other / Unmapped,1,Treatwell,1
Heat Pump (Air source/ Ground Source),Other / Unmapped,1,Rated People,1
Heating & Cooling,Other / Unmapped,1,Airtasker,1
Heavy Lifting,Other / Unmapped,1,Airtasker,1
Hedging,Other / Unmapped,1,Airtasker,1
Help & FAQs,Other / Unmapped,1,Rated People,1
Herefordshire,Other / Unmapped,1,Rated People,1
Heritage Property Specialist,Other / Unmapped,1,Checkatrade,1
Hertfordshire,Other / Unmapped,1,Rated People,1
Hifi Repair,Other / Unmapped,1,Airtasker,1
Hire Services,Other / Unmapped,1,Checkatrade,1
Hive Heating Installers,Other / Unmapped,1,Checkatrade,1
Hob Installation,Other / Unmapped,1,Airtasker,1
Home & Domiciliary Care,Other / Unmapped,1,Bark,1
Home & Lifestyle,Other / Unmapped,1,Airtasker,1
Home Automation,Other / Unmapped,1,Checkatrade,1
Home Automation / Media,Other / Unmapped,1,Checkatrade,1
Home Bar Designers,Other / Unmapped,1,Airtasker,1
Home Care,Other / Unmapped,1,Airtasker,1
Home Chef,Other / Unmapped,1,Airtasker,1
Home Cinema,Other / Unmapped,1,Checkatrade,1
Home Cinema Design,Other / Unmapped,1,Airtasker,1
Home Cooking,Other / Unmapped,1,Airtasker,1
Home Improvements,Other / Unmapped,1,Rated People,1
Home Maintenance / Repair,Other / Unmapped,1,Rated People,1
Home Network Setup,Other / Unmapped,1,Airtasker,1
Home Networks,Other / Unmapped,1,Checkatrade,1
Home Offices,Other / Unmapped,1,Checkatrade,1
Home Organiser,Other / Unmapped,1,Airtasker,1
Home Services,Other / Unmapped,1,Booksy,1
Home Stagers,Other / Unmapped,1,Airtasker,1
Home Theatre,Other / Unmapped,1,Airtasker,1
HomeBuyer Report,Other / Unmapped,1,Checkatrade,1
Homeopathy,Other / Unmapped,1,Airtasker,1
Homeowner advice centre,Other / Unmapped,1,Rated People,1
Honda Service,Other / Unmapped,1,Airtasker,1
Hot Tub Installation,Other / Unmapped,1,Checkatrade,1
Hot Tub Installation / Repair,Other / Unmapped,1,Rated People,1
Hot Tub Maintenance,Other / Unmapped,1,Airtasker,1
Hot Tub Repair,Other / Unmapped,1,Airtasker,1
Hot Tub Servicing,Other / Unmapped,1,Checkatrade,1
Hot Tub Supplier,Other / Unmapped,1,Checkatrade,1
Hot Tub Wiring,Other / Unmapped,1,Checkatrade,1
Hot Water System Installation & Repair,Other / Unmapped,1,Airtasker,1
Hot Water Tank/Appliance Tank Thermostats,Other / Unmapped,1,Rated People,1
Hotels,Other / Unmapped,1,Yell,1
House Renovation,Other / Unmapped,1,Airtasker,1
House Sitters,Other / Unmapped,1,Airtasker,1
Household Waste Disposal,Other / Unmapped,1,Airtasker,1
Household Water Treatment,Other / Unmapped,1,Checkatrade,1
Housekeepers,Other / Unmapped,1,Airtasker,1
How to Get Started,Other / Unmapped,1,MyJobQuote,1
Huddersfield,Other / Unmapped,1,MyJobQuote,1
Hyundai Service,Other / Unmapped,1,Airtasker,1
IKEA Delivery,Other / Unmapped,1,Airtasker,1
IT Planning and Construction,Other / Unmapped,1,Checkatrade,1
IT Project Management,Other / Unmapped,1,Checkatrade,1
IT Support,Other / Unmapped,1,Airtasker,1
IT and Consultancy,Other / Unmapped,1,Checkatrade,1
Ice Cream Cake Delivery,Other / Unmapped,1,Airtasker,1
Ice Cream Delivery,Other / Unmapped,1,Airtasker,1
Ice Machine Repair & Installation,Other / Unmapped,1,Airtasker,1
Ignition Systems Repair,Other / Unmapped,1,Airtasker,1
Illustrators,Other / Unmapped,1,Airtasker,1
Immersion Heater Installation,Other / Unmapped,1,Checkatrade,1
Immersion Heater Repair,Other / Unmapped,1,Checkatrade,1
Indian Restaurants,Other / Unmapped,1,Yell,1
Indian Takeaway,Other / Unmapped,1,Airtasker,1
Inflated Helium Balloons Delivery,Other / Unmapped,1,Airtasker,1
Information Centre,Other / Unmapped,1,Checkatrade,1
Insect Screens,Other / Unmapped,1,Checkatrade,1
Inspiration centre,Other / Unmapped,1,Rated People,1
Insurance Claim Specialist,Other / Unmapped,1,Checkatrade,1
Integral Blinds,Other / Unmapped,1,Checkatrade,1
Intercom Entry Systems,Other / Unmapped,1,Checkatrade,1
Interior Wall Cladding,Other / Unmapped,1,Airtasker,1
Internet Help,Other / Unmapped,1,Airtasker,1
Internet Services,Other / Unmapped,1,Checkatrade,1
Inverness,Other / Unmapped,1,Rated People,1
Ipswich,Other / Unmapped,1,MyJobQuote,1
Ironing,Other / Unmapped,1,Checkatrade,1
Ironing Service,Other / Unmapped,1,Airtasker,1
Irrigation Repair,Other / Unmapped,1,Airtasker,1
Irrigation Systems,Other / Unmapped,1,Checkatrade,1
Isle of Wight,Other / Unmapped,1,Rated People,1
Italian Takeaway,Other / Unmapped,1,Airtasker,1
Jaguar Service,Other / Unmapped,1,Airtasker,1
Jamaican Takeaway,Other / Unmapped,1,Airtasker,1
Janitorial Services,Other / Unmapped,1,Airtasker,1
Japanese Baker,Other / Unmapped,1,Airtasker,1
Japanese Knotweed,Other / Unmapped,1,Checkatrade,1
Japanese Takeaway,Other / Unmapped,1,Airtasker,1
Java Developer,Other / Unmapped,1,Airtasker,1
Jeep Service,Other / Unmapped,1,Airtasker,1
Jelly pedi,Other / Unmapped,1,Treatwell,1
Jet / Power Washing,Other / Unmapped,1,Rated People,1
Jiu Jitsu Classes,Other / Unmapped,1,Airtasker,1
Jollibee Delivery,Other / Unmapped,1,Airtasker,1
Journalist,Other / Unmapped,1,Airtasker,1
Judo Classes,Other / Unmapped,1,Airtasker,1
Jugglers,Other / Unmapped,1,Airtasker,1
Juice Delivery,Other / Unmapped,1,Airtasker,1
K Rend,Other / Unmapped,1,Checkatrade,1
KFC Delivery,Other / Unmapped,1,Airtasker,1
Kebab Delivery,Other / Unmapped,1,Airtasker,1
Kent,Other / Unmapped,1,Rated People,1
Keto Baker,Other / Unmapped,1,Airtasker,1
Keto Meal Prep,Other / Unmapped,1,Airtasker,1
Kia Service,Other / Unmapped,1,Airtasker,1
Kickboxing Training,Other / Unmapped,1,Airtasker,1
Kincardineshire,Other / Unmapped,1,Rated People,1
Korean Takeaway,Other / Unmapped,1,Airtasker,1
Krispy Kreme Delivery,Other / Unmapped,1,Airtasker,1
LCD Screen Repair,Other / Unmapped,1,Airtasker,1
LED Lights Installation,Other / Unmapped,1,Airtasker,1
LG TV Repair & Setup,Other / Unmapped,1,Airtasker,1
LPG Engineer,Other / Unmapped,1,Airtasker,1
Lamp Repairs,Other / Unmapped,1,Airtasker,1
Lanarkshire,Other / Unmapped,1,Rated People,1
Lancashire,Other / Unmapped,1,Rated People,1
Land Appraisal,Other / Unmapped,1,Checkatrade,1
Land Clearing,Other / Unmapped,1,Airtasker,1
Land Rover Service,Other / Unmapped,1,Airtasker,1
Landlord Inventories,Other / Unmapped,1,Checkatrade,1
Landlord Inventories - Mid Tenancy Inspection,Other / Unmapped,1,Checkatrade,1
Landlord Inventories - Tenant Check In,Other / Unmapped,1,Checkatrade,1
Landlord Inventories - Tenant Check Out,Other / Unmapped,1,Checkatrade,1
Landlord Reports / Safety Checks,Other / Unmapped,1,Rated People,1
Landlord Services,Other / Unmapped,1,Checkatrade,1
Language Classes,Other / Unmapped,1,Bark,1
Laser Cutting Stainless Steel,Other / Unmapped,1,Checkatrade,1
Laundry,Other / Unmapped,1,Airtasker,1
Laundry Service,Other / Unmapped,1,Checkatrade,1
Laundry Services,Other / Unmapped,1,Airtasker,1
Leadworks Installation,Other / Unmapped,1,Checkatrade,1
Leadworks Repair,Other / Unmapped,1,Checkatrade,1
Leaftlet Distribution,Other / Unmapped,1,Airtasker,1
Leak Detection,Other / Unmapped,1,Airtasker,1
Leak Detection Companies,Other / Unmapped,1,Checkatrade,1
Leather Car Seat Restoration,Other / Unmapped,1,Airtasker,1
Leather Repair,Other / Unmapped,1,Checkatrade,1
Legionella Assessment,Other / Unmapped,1,Checkatrade,1
Legionella Control,Other / Unmapped,1,Checkatrade,1
Legionella Testing,Other / Unmapped,1,Checkatrade,1
Leicestershire,Other / Unmapped,1,Rated People,1
Letterbox Replacement,Other / Unmapped,1,Airtasker,1
Levelling,Other / Unmapped,1,Airtasker,1
Lexus Service,Other / Unmapped,1,Airtasker,1
Life Coach,Other / Unmapped,1,Airtasker,1
Light Installation,Other / Unmapped,1,Airtasker,1
Light Repair,Other / Unmapped,1,Airtasker,1
Lincolnshire,Other / Unmapped,1,Rated People,1
LinkedIn Profile Writing,Other / Unmapped,1,Airtasker,1
Liquid Screeding,Other / Unmapped,1,Checkatrade,1
Lived-in blonde,Other / Unmapped,1,Treatwell,1
Lock Fitting,Other / Unmapped,1,Checkatrade,1
Lock Fitting / Repair,Other / Unmapped,1,Rated People,1
Lock Replacement,Other / Unmapped,1,Airtasker,1
Loft Conversion Specialist,Other / Unmapped,1,Rated People,1
Loft Conversions,Other / Unmapped,1,Checkatrade,1
Loft Hatches,Other / Unmapped,1,Checkatrade,1
Loft Ladder Installation,Other / Unmapped,1,Airtasker,1
Loft Ladder Installer,Other / Unmapped,1,Checkatrade,1
Loft Ladder Supplier,Other / Unmapped,1,Checkatrade,1
Loft Storage,Other / Unmapped,1,Checkatrade,1
Loft Storage Room,Other / Unmapped,1,Checkatrade,1
Loft and Attic Clearance,Other / Unmapped,1,Airtasker,1
Lofts / Loft Ladders,Other / Unmapped,1,Checkatrade,1
Log Cabins,Other / Unmapped,1,Checkatrade,1
Logo Design,Other / Unmapped,1,Airtasker,1
Logs,Other / Unmapped,1,Checkatrade,1
Londonderry,Other / Unmapped,1,Rated People,1
Lothians,Other / Unmapped,1,Treatwell,1
Lounge Repair,Other / Unmapped,1,Airtasker,1
Lunch Delivery,Other / Unmapped,1,Airtasker,1
MDF Cutting,Other / Unmapped,1,Airtasker,1
MDF Installation,Other / Unmapped,1,Airtasker,1
MMA Training,Other / Unmapped,1,Airtasker,1
MOT,Other / Unmapped,1,Checkatrade,1
Macbook Air Repair,Other / Unmapped,1,Airtasker,1
Macbook Repairs,Other / Unmapped,1,Airtasker,1
Made to Measure Blinds,Other / Unmapped,1,Checkatrade,1
Made to Measure Curtain,Other / Unmapped,1,Checkatrade,1
Made to Measure Curtain / Blinds,Other / Unmapped,1,Checkatrade,1
Made to Measure Shutters,Other / Unmapped,1,Checkatrade,1
Magento Developer,Other / Unmapped,1,Airtasker,1
Magician,Other / Unmapped,1,Airtasker,1
Make-up,Other / Unmapped,1,Booksy,1
Makeup Artist,Other / Unmapped,1,Airtasker,1
Man And A Van,Other / Unmapped,1,Checkatrade,1
Man With a Van,Other / Unmapped,1,Airtasker,1
Man/Woman with a Van,Other / Unmapped,1,Rated People,1
Market Research,Other / Unmapped,1,Airtasker,1
Marquee Hire,Other / Unmapped,1,Checkatrade,1
Martial Arts,Other / Unmapped,1,Airtasker,1
Mastic Sealant,Other / Unmapped,1,Checkatrade,1
Maternity Nurse,Other / Unmapped,1,Airtasker,1
Mazda Service,Other / Unmapped,1,Airtasker,1
McDonalds Delivery,Other / Unmapped,1,Airtasker,1
Meal Delivery,Other / Unmapped,1,Airtasker,1
Meal Preparation & Planning,Other / Unmapped,1,Airtasker,1
Meat Delivery,Other / Unmapped,1,Airtasker,1
Medal Mounting,Other / Unmapped,1,Airtasker,1
Member T&C’s apply,Other / Unmapped,1,Checkatrade,1
Memorial Gravestones Supplied,Other / Unmapped,1,Checkatrade,1
Men's,Other / Unmapped,1,Treatwell,1
Men's Tailoring,Other / Unmapped,1,Airtasker,1
Mental Health Services,Other / Unmapped,1,Airtasker,1
Merseyside,Other / Unmapped,1,Rated People,1
Metal Fabrication,Other / Unmapped,1,Checkatrade,1
Metal Gates,Other / Unmapped,1,Checkatrade,1
Metal Works,Other / Unmapped,1,Checkatrade,1
Metalwork / Blacksmith,Other / Unmapped,1,Checkatrade,1
Metalworks,Other / Unmapped,1,Airtasker,1
Mexican Takeaway,Other / Unmapped,1,Airtasker,1
Mice Control,Other / Unmapped,1,Airtasker,1
Microsoft Excel Help,Other / Unmapped,1,Airtasker,1
Microsoft Help,Other / Unmapped,1,Airtasker,1
Microsoft Powerpoint Help,Other / Unmapped,1,Airtasker,1
Microsoft Word Help,Other / Unmapped,1,Airtasker,1
Microwave Repair,Other / Unmapped,1,Airtasker,1
Mid Glamorgan,Other / Unmapped,1,Rated People,1
Middlesbrough,Other / Unmapped,1,MyJobQuote,1
Midlothian,Other / Unmapped,1,Rated People,1
Milk Delivery,Other / Unmapped,1,Airtasker,1
Mime Artist,Other / Unmapped,1,Airtasker,1
Mini / Micro Digger Hire,Other / Unmapped,1,Checkatrade,1
Mini Bus Hire,Other / Unmapped,1,Checkatrade,1
Mini Service,Other / Unmapped,1,Airtasker,1
Minibus Taxi,Other / Unmapped,1,Checkatrade,1
Mirror Cutting,Other / Unmapped,1,Airtasker,1
Mirror Hanging,Other / Unmapped,1,Airtasker,1
Mirror Repair,Other / Unmapped,1,Airtasker,1
Mirrors,Other / Unmapped,1,Checkatrade,1
Miscellaneous Services,Other / Unmapped,1,Checkatrade,1
Mobile Alloy Wheel Repair,Other / Unmapped,1,Airtasker,1
Mobile App,Other / Unmapped,1,Bark,1
Mobile App Development,Other / Unmapped,1,Airtasker,1
Mobile Bicycle Repair,Other / Unmapped,1,Airtasker,1
Mobile Bike Repair,Other / Unmapped,1,Airtasker,1
Mobile Car Airconditioning Service,Other / Unmapped,1,Airtasker,1
Mobile Car Battery Replacement,Other / Unmapped,1,Airtasker,1
Mobile Car Dent Repair,Other / Unmapped,1,Airtasker,1
Mobile Car Diagnostics,Other / Unmapped,1,Airtasker,1
Mobile Car Valet,Other / Unmapped,1,Airtasker,1
Mobile Discos,Other / Unmapped,1,Checkatrade,1
Mobile Dog Wash,Other / Unmapped,1,Airtasker,1
Mobile Pet Services,Other / Unmapped,1,Airtasker,1
Mobile Scratch Repair,Other / Unmapped,1,Airtasker,1
Mobile Wheel Refurbishment,Other / Unmapped,1,Airtasker,1
Mobility,Other / Unmapped,1,Checkatrade,1
Mobility Adaptions,Other / Unmapped,1,Checkatrade,1
Mobility Aids,Other / Unmapped,1,Checkatrade,1
Mobility Furniture,Other / Unmapped,1,Checkatrade,1
Mobility Scooter Repair,Other / Unmapped,1,Checkatrade,1
Mobility Scooter Service,Other / Unmapped,1,Airtasker,1
Mobility Scooters,Other / Unmapped,1,Checkatrade,1
Models,Other / Unmapped,1,Airtasker,1
Moped Repair,Other / Unmapped,1,Airtasker,1
Mopping,Other / Unmapped,1,Airtasker,1
Moray,Other / Unmapped,1,Rated People,1
Morrisons Grocery Delivery,Other / Unmapped,1,Airtasker,1
Mortgage Advisor,Other / Unmapped,1,Airtasker,1
Mortgages,Other / Unmapped,1,Yell,1
Mosaic Tiles,Other / Unmapped,1,Checkatrade,1
Mot Testing,Other / Unmapped,1,Yell,1
Mother's Day Gift Delivery,Other / Unmapped,1,Airtasker,1
Mother's Help,Other / Unmapped,1,Airtasker,1
Motivational Speaker,Other / Unmapped,1,Airtasker,1
Motor Home Sales,Other / Unmapped,1,Checkatrade,1
Motor Home Servicing / Leisure Accessories,Other / Unmapped,1,Checkatrade,1
Motor Homes,Other / Unmapped,1,Checkatrade,1
Move,Other / Unmapped,1,Airtasker,1
Muralists,Other / Unmapped,1,Airtasker,1
Music Services,Other / Unmapped,1,Bark,1
Mystery Shopping,Other / Unmapped,1,Airtasker,1
Nairn,Other / Unmapped,1,Rated People,1
Nanny,Other / Unmapped,1,Airtasker,1
Natural Stone Tiles,Other / Unmapped,1,Checkatrade,1
Nest Thermostat Installation,Other / Unmapped,1,Airtasker,1
Netflix Setup,Other / Unmapped,1,Airtasker,1
Network Administration,Other / Unmapped,1,Checkatrade,1
Network Cabling,Other / Unmapped,1,Checkatrade,1
Network Installation,Other / Unmapped,1,Checkatrade,1
Network Support,Other / Unmapped,1,Checkatrade,1
Network Troubleshooting,Other / Unmapped,1,Airtasker,1
Newcastle Upon Tyne,Other / Unmapped,1,MyBuilder,1
Newcastle upon Tyne,Other / Unmapped,1,MyJobQuote,1
Newsagents,Other / Unmapped,1,Yell,1
Nissan Service,Other / Unmapped,1,Airtasker,1
Norfolk,Other / Unmapped,1,Rated People,1
North West,Other / Unmapped,1,Treatwell,1
North Yorkshire,Other / Unmapped,1,Rated People,1
Northampton,Other / Unmapped,1,MyBuilder,1
Northamptonshire,Other / Unmapped,1,Rated People,1
Northumberland,Other / Unmapped,1,Rated People,1
Nottinghamshire,Other / Unmapped,1,Rated People,1
Nutritionist,Other / Unmapped,1,Airtasker,1
Odour Control,Other / Unmapped,1,Airtasker,1
Office Chair Repair,Other / Unmapped,1,Airtasker,1
Office Fit Out,Other / Unmapped,1,Airtasker,1
Oil & Filter Change,Other / Unmapped,1,Airtasker,1
Oil Tank Emptying Service,Other / Unmapped,1,Checkatrade,1
Oil Tank Installation,Other / Unmapped,1,Checkatrade,1
Oil Tank Repair,Other / Unmapped,1,Checkatrade,1
Oil Tank Servicing,Other / Unmapped,1,Checkatrade,1
Orangeries,Other / Unmapped,1,Checkatrade,1
Organic Food Delivery,Other / Unmapped,1,Airtasker,1
Orkney,Other / Unmapped,1,Rated People,1
Outbuilding,Other / Unmapped,1,Checkatrade,1
Oven Fan Repair,Other / Unmapped,1,Airtasker,1
Overview,Other / Unmapped,1,Checkatrade,1
Oxford,Other / Unmapped,1,MyJobQuote,1
Oxfordshire,Other / Unmapped,1,Rated People,1
PHP Developer,Other / Unmapped,1,Airtasker,1
PVC Pipe Repair,Other / Unmapped,1,Airtasker,1
PVC Spraying,Other / Unmapped,1,Airtasker,1
Packaging service,Other / Unmapped,1,Checkatrade,1
Pallet Collection & Disposal,Other / Unmapped,1,Airtasker,1
Pallet Delivery,Other / Unmapped,1,Airtasker,1
Pancake & Waffle Delivery,Other / Unmapped,1,Airtasker,1
Panel Beater,Other / Unmapped,1,Airtasker,1
Parcel Delivery,Other / Unmapped,1,Airtasker,1
Parking Sensor Replacement,Other / Unmapped,1,Airtasker,1
Partition Wall,Other / Unmapped,1,Rated People,1
Partition Walls,Other / Unmapped,1,Checkatrade,1
Party Helpers,Other / Unmapped,1,Airtasker,1
Party Wall Matters,Other / Unmapped,1,Checkatrade,1
Pasta Takeaway,Other / Unmapped,1,Airtasker,1
Pastry Chef,Other / Unmapped,1,Airtasker,1
Pattern Cutter,Other / Unmapped,1,Airtasker,1
Patterned Imprinted Concrete,Other / Unmapped,1,Checkatrade,1
Pebble Dashing,Other / Unmapped,1,Rated People,1
Pebble Dashing / Rough Casting,Other / Unmapped,1,Checkatrade,1
Pension Advisor,Other / Unmapped,1,Airtasker,1
Performance Tuning,Other / Unmapped,1,Checkatrade,1
Pergola Installation,Other / Unmapped,1,Airtasker,1
Period Property Restoration,Other / Unmapped,1,Checkatrade,1
Period Restoration,Other / Unmapped,1,Rated People,1
Perks,Other / Unmapped,1,Checkatrade,1
Personal Assistant,Other / Unmapped,1,Airtasker,1
Personal Concierge,Other / Unmapped,1,Airtasker,1
Personal Shopper,Other / Unmapped,1,Airtasker,1
Personal Stylist,Other / Unmapped,1,Airtasker,1
Personal Training,Other / Unmapped,1,Airtasker,1
Personalised Balloon Delivery,Other / Unmapped,1,Airtasker,1
Personalised Cupcakes,Other / Unmapped,1,Airtasker,1
Personalised Gift Delivery,Other / Unmapped,1,Airtasker,1
Perspex / Protective Screens,Other / Unmapped,1,Rated People,1
Perth and Kinross,Other / Unmapped,1,Rated People,1
Pet Care,Other / Unmapped,1,Airtasker,1
Pet Feeding,Other / Unmapped,1,Airtasker,1
Pet Food Delivery,Other / Unmapped,1,Airtasker,1
Pet Services,Other / Unmapped,1,Booksy,1
Pet Taxi,Other / Unmapped,1,Airtasker,1
Pet Transport,Other / Unmapped,1,Airtasker,1
Peterborough,Other / Unmapped,1,MyJobQuote,1
Peugeot Service,Other / Unmapped,1,Airtasker,1
Pharmacies,Other / Unmapped,1,Yell,1
Photo Editing and Retouching,Other / Unmapped,1,Airtasker,1
Photo Manipulations,Other / Unmapped,1,Airtasker,1
Photo Printing Service,Other / Unmapped,1,Airtasker,1
Photo Restorations,Other / Unmapped,1,Airtasker,1
Picture Hanging,Other / Unmapped,1,Airtasker,1
Pilates Instructor,Other / Unmapped,1,Airtasker,1
Piling,Other / Unmapped,1,Checkatrade,1
Pipe Fitter,Other / Unmapped,1,Checkatrade,1
Pizza Oven,Other / Unmapped,1,Rated People,1
Pizza Takeaway,Other / Unmapped,1,Airtasker,1
Plain Tiles,Other / Unmapped,1,Checkatrade,1
Planning / Design,Other / Unmapped,1,Checkatrade,1
Planning Consultant,Other / Unmapped,1,Airtasker,1
Planning Consultants,Other / Unmapped,1,Checkatrade,1
Plant Delivery,Other / Unmapped,1,Airtasker,1
Plant Hire / Sales,Other / Unmapped,1,Checkatrade,1
Plantation Shutter Installation,Other / Unmapped,1,Airtasker,1
Plantation Shutters,Other / Unmapped,1,Checkatrade,1
Planting,Other / Unmapped,1,Rated People,1
Plasma TV Repair,Other / Unmapped,1,Airtasker,1
Plastic Canopies,Other / Unmapped,1,Checkatrade,1
Play Areas,Other / Unmapped,1,Checkatrade,1
Ply Boarding,Other / Unmapped,1,Checkatrade,1
Plymouth,Other / Unmapped,1,MyJobQuote,1
Podiatrist,Other / Unmapped,1,Airtasker,1
Poetry Writing,Other / Unmapped,1,Airtasker,1
Pointing / Repointing,Other / Unmapped,1,Rated People,1
Polytunnels,Other / Unmapped,1,Checkatrade,1
Pond & Water Feature,Other / Unmapped,1,Rated People,1
Pond Construction,Other / Unmapped,1,Checkatrade,1
Pool Maintenance,Other / Unmapped,1,Airtasker,1
Pool Table Recovering,Other / Unmapped,1,Airtasker,1
Poole,Other / Unmapped,1,MyJobQuote,1
Popeye's Delivery,Other / Unmapped,1,Airtasker,1
Popular Locations,Other / Unmapped,1,Yell,1
Porcelain Tiles,Other / Unmapped,1,Checkatrade,1
Porch / Canopy,Other / Unmapped,1,Rated People,1
Porch Installation,Other / Unmapped,1,Checkatrade,1
Porches Repair,Other / Unmapped,1,Checkatrade,1
Porsche Service,Other / Unmapped,1,Airtasker,1
Portable Appliance Testing - PAT Testing,Other / Unmapped,1,Checkatrade,1
Portable offices,Other / Unmapped,1,Checkatrade,1
Post a job,Other / Unmapped,1,Rated People,1
Poster Design,Other / Unmapped,1,Airtasker,1
Powder Coating,Other / Unmapped,1,Checkatrade,1
Power Flushing,Other / Unmapped,1,Checkatrade,1
Power Point Installation,Other / Unmapped,1,Airtasker,1
Powys,Other / Unmapped,1,Rated People,1
Pre Purchase Car Inspection,Other / Unmapped,1,Airtasker,1
Prescription Delivery,Other / Unmapped,1,Airtasker,1
Presentations Design,Other / Unmapped,1,Airtasker,1
Press Release Writing,Other / Unmapped,1,Airtasker,1
Print Design,Other / Unmapped,1,Airtasker,1
Printer Help,Other / Unmapped,1,Airtasker,1
Printer Repairs,Other / Unmapped,1,Checkatrade,1
Printing,Other / Unmapped,1,Checkatrade,1
Printing Services,Other / Unmapped,1,Airtasker,1
Private Chef,Other / Unmapped,1,Airtasker,1
Private Doctor,Other / Unmapped,1,Airtasker,1
Private Doctors,Other / Unmapped,1,Bark,1
Product Testing,Other / Unmapped,1,Airtasker,1
Production,Other / Unmapped,1,Bark,1
Projector Installation,Other / Unmapped,1,Airtasker,1
Prom Dressmaker,Other / Unmapped,1,Airtasker,1
Proofreading,Other / Unmapped,1,Airtasker,1
Property Maintenance,Other / Unmapped,1,Airtasker,1
Property Maintenance / Repair,Other / Unmapped,1,Checkatrade,1
Property Renovation,Other / Unmapped,1,Checkatrade,1
Proposal Writing,Other / Unmapped,1,Airtasker,1
Pruning,Other / Unmapped,1,Checkatrade,1
Psychologist,Other / Unmapped,1,Airtasker,1
Pubs,Other / Unmapped,1,Yell,1
Puppy Training,Other / Unmapped,1,Airtasker,1
Purifiers,Other / Unmapped,1,Checkatrade,1
Quad Bike Repair,Other / Unmapped,1,Airtasker,1
Queueing Service,Other / Unmapped,1,Airtasker,1
RICS Condition Report,Other / Unmapped,1,Checkatrade,1
Rabbit Boarding,Other / Unmapped,1,Airtasker,1
Railings,Other / Unmapped,1,Checkatrade,1
Rainwater Harvesting,Other / Unmapped,1,Checkatrade,1
Range Cooker,Other / Unmapped,1,Checkatrade,1
Range Cooker Servicing / Repair,Other / Unmapped,1,Checkatrade,1
Rated Group,Other / Unmapped,1,Rated People,1
Rayburn Servicing / Repair,Other / Unmapped,1,Checkatrade,1
Real Estate,Other / Unmapped,1,Airtasker,1
Receptionist,Other / Unmapped,1,Airtasker,1
Recliner Chair Repair,Other / Unmapped,1,Airtasker,1
Recliner Repair,Other / Unmapped,1,Airtasker,1
Recycling,Other / Unmapped,1,Checkatrade,1
Refinishing,Other / Unmapped,1,Airtasker,1
Refrigerated Transportation,Other / Unmapped,1,Checkatrade,1
Refrigeration Services,Other / Unmapped,1,Checkatrade,1
Refurbishments,Other / Unmapped,1,Checkatrade,1
Regrouting,Other / Unmapped,1,Airtasker,1
Relationship Coach,Other / Unmapped,1,Airtasker,1
Renault Service,Other / Unmapped,1,Airtasker,1
Renewable Energy,Other / Unmapped,1,Checkatrade,1
Renewable Energy Specialist,Other / Unmapped,1,Rated People,1
Renewable Energy Specialists,Other / Unmapped,1,Rated People,1
Renfrewshire,Other / Unmapped,1,Rated People,1
Renovation Specialist,Other / Unmapped,1,Checkatrade,1
Repair & Technical Support,Other / Unmapped,1,Bark,1
Repointing,Other / Unmapped,1,Checkatrade,1
Report Writing,Other / Unmapped,1,Airtasker,1
Reptile Boarding,Other / Unmapped,1,Airtasker,1
Research Assistant,Other / Unmapped,1,Airtasker,1
Residential Grass Cutting,Other / Unmapped,1,Checkatrade,1
Resin Bond Surfacing,Other / Unmapped,1,Checkatrade,1
Resin Bound Surfacing,Other / Unmapped,1,Checkatrade,1
Restaurant Designers,Other / Unmapped,1,Airtasker,1
Restoration,Other / Unmapped,1,Checkatrade,1
Resume Writing,Other / Unmapped,1,Airtasker,1
Retaining Walls,Other / Unmapped,1,Airtasker,1
Return Loads,Other / Unmapped,1,Airtasker,1
Reversing Camera Installation,Other / Unmapped,1,Airtasker,1
Reviewed Tradespeople,Other / Unmapped,1,Checkatrade,1
Ridged Tiles Installation,Other / Unmapped,1,Checkatrade,1
Ridged Tiles Repair,Other / Unmapped,1,Checkatrade,1
Rise & Recline Chairs,Other / Unmapped,1,Checkatrade,1
Road Markings,Other / Unmapped,1,Checkatrade,1
Roast Dinner Delivery,Other / Unmapped,1,Airtasker,1
Roller Shutter Blinds Repair & Installation,Other / Unmapped,1,Airtasker,1
Roller Shutters,Other / Unmapped,1,Checkatrade,1
Roller Shutters - Installation / Repair,Other / Unmapped,1,Rated People,1
Roman Blind Fitter,Other / Unmapped,1,Airtasker,1
Roman Blinds Installation,Other / Unmapped,1,Airtasker,1
Ross and Cromarty,Other / Unmapped,1,Rated People,1
Router Modem Setup,Other / Unmapped,1,Airtasker,1
Roxburgh- Ettrick and Lauderdale,Other / Unmapped,1,Rated People,1
Rsj Beam,Other / Unmapped,1,Checkatrade,1
Ruby Developer,Other / Unmapped,1,Airtasker,1
Rutland,Other / Unmapped,1,Rated People,1
SQL Developer,Other / Unmapped,1,Airtasker,1
Safe Locks,Other / Unmapped,1,Checkatrade,1
Safes,Other / Unmapped,1,Checkatrade,1
Sail Shades,Other / Unmapped,1,Checkatrade,1
Sainsburys Delivery,Other / Unmapped,1,Airtasker,1
Salad Delivery,Other / Unmapped,1,Airtasker,1
Sale,Other / Unmapped,1,MyJobQuote,1
Sales Assistant,Other / Unmapped,1,Airtasker,1
Salon,Other / Unmapped,1,Fresha,1
Salvage,Other / Unmapped,1,Checkatrade,1
Samsung TV Repair,Other / Unmapped,1,Airtasker,1
Sauna Installation,Other / Unmapped,1,Airtasker,1
Sawblade Sharpening,Other / Unmapped,1,Airtasker,1
Scanner Setup,Other / Unmapped,1,Airtasker,1
Scarification,Other / Unmapped,1,Checkatrade,1
Scooter MOTs,Other / Unmapped,1,Checkatrade,1
Scooter Services,Other / Unmapped,1,Checkatrade,1
Scrap Cars,Other / Unmapped,1,Checkatrade,1
Scrap Metal,Other / Unmapped,1,Checkatrade,1
Scratch Repair,Other / Unmapped,1,Checkatrade,1
Screen Repair,Other / Unmapped,1,Airtasker,1
Seamstress,Other / Unmapped,1,Airtasker,1
Secondary Glazing,Other / Unmapped,1,Checkatrade,1
Self Defence Classes,Other / Unmapped,1,Airtasker,1
Septic Tank Emptying,Other / Unmapped,1,Checkatrade,1
Septic Tank Installation,Other / Unmapped,1,Checkatrade,1
Septic Tank Repair,Other / Unmapped,1,Checkatrade,1
Sewage Pump Installation,Other / Unmapped,1,Checkatrade,1
Sewage Pump Maintenance,Other / Unmapped,1,Checkatrade,1
Sewing,Other / Unmapped,1,Airtasker,1
Sewing Machine Repair,Other / Unmapped,1,Airtasker,1
Sharpening,Other / Unmapped,1,Airtasker,1
Shed Bases,Other / Unmapped,1,Checkatrade,1
Shed Cladding,Other / Unmapped,1,Airtasker,1
Shed Installation,Other / Unmapped,1,Airtasker,1
Shed Repair,Other / Unmapped,1,Checkatrade,1
Sheds,Other / Unmapped,1,Checkatrade,1
Shelf Hanging,Other / Unmapped,1,Airtasker,1
Shelving,Other / Unmapped,1,Checkatrade,1
Shetland,Other / Unmapped,1,Rated People,1
Shiplap Cladding,Other / Unmapped,1,Airtasker,1
Shop Fitting,Other / Unmapped,1,Checkatrade,1
Shopify Developer,Other / Unmapped,1,Airtasker,1
Shropshire,Other / Unmapped,1,Rated People,1
Shrub & Bush Trimming,Other / Unmapped,1,Airtasker,1
Sign Hanging,Other / Unmapped,1,Airtasker,1
Sign Makers,Other / Unmapped,1,Checkatrade,1
Sign Writers,Other / Unmapped,1,Checkatrade,1
Sign Writing,Other / Unmapped,1,Airtasker,1
Signage Designer,Other / Unmapped,1,Airtasker,1
Signage Installers,Other / Unmapped,1,Airtasker,1
Singer,Other / Unmapped,1,Airtasker,1
Sink Installation,Other / Unmapped,1,Airtasker,1
Skate Sharpening,Other / Unmapped,1,Airtasker,1
Skimming,Other / Unmapped,1,Checkatrade,1
Skip Bag Hire,Other / Unmapped,1,Checkatrade,1
Skip Hire Prices,Other / Unmapped,1,Checkatrade,1
Skirting,Other / Unmapped,1,Checkatrade,1
Skirting Board Installation,Other / Unmapped,1,Rated People,1
Skirting Boards,Other / Unmapped,1,Airtasker,1
Slab Laying,Other / Unmapped,1,Airtasker,1
Slate Tiles,Other / Unmapped,1,Checkatrade,1
Sleepers,Other / Unmapped,1,Checkatrade,1
Slough,Other / Unmapped,1,MyJobQuote,1
Small Animal Boarding,Other / Unmapped,1,Airtasker,1
Smart Heating Installation,Other / Unmapped,1,Checkatrade,1
Smart Home Technology Consultant,Other / Unmapped,1,Checkatrade,1
Smart Repairs,Other / Unmapped,1,Checkatrade,1
Smart Thermostat Installation,Other / Unmapped,1,Checkatrade,1
Smart Thermostats,Other / Unmapped,1,Checkatrade,1
Smokeless Fuel,Other / Unmapped,1,Checkatrade,1
Snack Delivery,Other / Unmapped,1,Airtasker,1
Snap Locks,Other / Unmapped,1,Checkatrade,1
Soakaway Clearance,Other / Unmapped,1,Checkatrade,1
Soakaways,Other / Unmapped,1,Checkatrade,1
Soda / Sand / Shot Blasting,Other / Unmapped,1,Checkatrade,1
Sofa Bed Repairs,Other / Unmapped,1,Airtasker,1
Soft Washing,Other / Unmapped,1,Checkatrade,1
Software Help,Other / Unmapped,1,Airtasker,1
Software Testing,Other / Unmapped,1,Checkatrade,1
Soil & Sand Delivery,Other / Unmapped,1,Airtasker,1
Soil Irrigation / Drainage,Other / Unmapped,1,Rated People,1
Solar Battery Storage,Other / Unmapped,1,Checkatrade,1
Solar Panel Repair,Other / Unmapped,1,Checkatrade,1
Solar Panel Servicing / Repair,Other / Unmapped,1,Checkatrade,1
Solar Panel Supply and Install,Other / Unmapped,1,Checkatrade,1
Solar Thermal Heating Installation,Other / Unmapped,1,Checkatrade,1
Solar Thermal Heating Servicing / Repair,Other / Unmapped,1,Checkatrade,1
Solid Fuel,Other / Unmapped,1,Checkatrade,1
Solihull,Other / Unmapped,1,MyJobQuote,1
Somerset,Other / Unmapped,1,Rated People,1
Sonos Speaker Repair,Other / Unmapped,1,Airtasker,1
Sony TV Repair & Setup,Other / Unmapped,1,Airtasker,1
Sound & Audio Visual Installation,Other / Unmapped,1,Rated People,1
Sound System Installation,Other / Unmapped,1,Airtasker,1
Soundproofing,Other / Unmapped,1,Airtasker,1
South Glamorgan,Other / Unmapped,1,Rated People,1
South Yorkshire,Other / Unmapped,1,Rated People,1
Speaker Repair,Other / Unmapped,1,Airtasker,1
Specialist Tradesmen,Other / Unmapped,1,Bark,1
Specialist Tradesperson,Other / Unmapped,1,Rated People,1
Specialist Tradespersons,Other / Unmapped,1,Rated People,1
Speech Writing,Other / Unmapped,1,Airtasker,1
Sports Coaches,Other / Unmapped,1,Airtasker,1
Sprinkler System,Other / Unmapped,1,Rated People,1
Sprinkler System Installation,Other / Unmapped,1,Airtasker,1
Squarespace Developer,Other / Unmapped,1,Airtasker,1
Staffing,Other / Unmapped,1,Airtasker,1
Staffordshire,Other / Unmapped,1,Rated People,1
Stain Protection,Other / Unmapped,1,Checkatrade,1
Stained Glass,Other / Unmapped,1,Checkatrade,1
Stained Glass Restoration,Other / Unmapped,1,Checkatrade,1
Staining,Other / Unmapped,1,Airtasker,1
Staircase Renovation,Other / Unmapped,1,Airtasker,1
Staircases,Other / Unmapped,1,Checkatrade,1
Stairlift Installation,Other / Unmapped,1,Checkatrade,1
Stairlift Repair,Other / Unmapped,1,Checkatrade,1
Standard Coving,Other / Unmapped,1,Rated People,1
Starbucks Delivery,Other / Unmapped,1,Airtasker,1
Starter Motor Repair,Other / Unmapped,1,Airtasker,1
Steel Bending Services,Other / Unmapped,1,Checkatrade,1
Steel Fabrication,Other / Unmapped,1,Checkatrade,1
Steel Fabrication / Structural steelwork,Other / Unmapped,1,Rated People,1
Steel Fabricators,Other / Unmapped,1,Checkatrade,1
Steel Work Design,Other / Unmapped,1,Checkatrade,1
Steering Wheel Repair,Other / Unmapped,1,Airtasker,1
Stirling and Falkirk,Other / Unmapped,1,Rated People,1
Stockport,Other / Unmapped,1,MyBuilder,1
Stoke On Trent,Other / Unmapped,1,MyBuilder,1
Stoke-on-Trent,Other / Unmapped,1,MyJobQuote,1
Stone Carving,Other / Unmapped,1,Checkatrade,1
Stone Cladding,Other / Unmapped,1,Airtasker,1
Stone Repairs,Other / Unmapped,1,Checkatrade,1
Stonemason,Other / Unmapped,1,Checkatrade,1
Storage Heating,Other / Unmapped,1,Checkatrade,1
Stored Gas,Other / Unmapped,1,Rated People,1
Stored Oil,Other / Unmapped,1,Rated People,1
Stoves / Fireplace Showroom,Other / Unmapped,1,Checkatrade,1
Stoves Installer,Other / Unmapped,1,Checkatrade,1
Strathclyde,Other / Unmapped,1,Treatwell,1
Stretched Ceilings,Other / Unmapped,1,Checkatrade,1
Structural Design,Other / Unmapped,1,Checkatrade,1
Structural Designer,Other / Unmapped,1,Checkatrade,1
Structural Engineer - Structural Calculations,Other / Unmapped,1,Checkatrade,1
Structural Engineering Services,Other / Unmapped,1,Checkatrade,1
Structural Steels,Other / Unmapped,1,Checkatrade,1
Structural Water Proofing,Other / Unmapped,1,Checkatrade,1
Suffolk,Other / Unmapped,1,Rated People,1
Suit Tailor,Other / Unmapped,1,Airtasker,1
Summer House Design / Construction,Other / Unmapped,1,Checkatrade,1
Summerhouse Installers,Other / Unmapped,1,Checkatrade,1
Summerhouse Repairs,Other / Unmapped,1,Checkatrade,1
Summerhouse Suppliers,Other / Unmapped,1,Checkatrade,1
Sunday Dinner Delivery,Other / Unmapped,1,Airtasker,1
Sunderland,Other / Unmapped,1,MyJobQuote,1
Supermarkets,Other / Unmapped,1,Yell,1
Surface Repair,Other / Unmapped,1,Checkatrade,1
Surrey,Other / Unmapped,1,Rated People,1
Sushi Chef,Other / Unmapped,1,Airtasker,1
Sushi Delivery,Other / Unmapped,1,Airtasker,1
Suspended Ceiling,Other / Unmapped,1,Rated People,1
Suspended Ceiling Contractors,Other / Unmapped,1,Checkatrade,1
Suspended Ceiling Installers,Other / Unmapped,1,Checkatrade,1
Suspended Ceiling Suppliers,Other / Unmapped,1,Checkatrade,1
Suspended Ceilings,Other / Unmapped,1,Checkatrade,1
Suspension Repair,Other / Unmapped,1,Airtasker,1
Sustainable Construction,Other / Unmapped,1,Checkatrade,1
Sutherland,Other / Unmapped,1,Rated People,1
Suzuki Service,Other / Unmapped,1,Airtasker,1
Sweets Delivery,Other / Unmapped,1,Airtasker,1
Swimming Pool Construction,Other / Unmapped,1,Checkatrade,1
Swimming Pool Design,Other / Unmapped,1,Rated People,1
Swimming Pool Installation,Other / Unmapped,1,Rated People,1
Swimming Pool Specialist,Other / Unmapped,1,Rated People,1
Swimming Pool Specialists,Other / Unmapped,1,Rated People,1
Swimming Pools,Other / Unmapped,1,Checkatrade,1
Swimming Pools & Hot Tubs,Other / Unmapped,1,Bark,1
T-Shirt Printing,Other / Unmapped,1,Airtasker,1
TV Delivery,Other / Unmapped,1,Airtasker,1
TV Repair,Other / Unmapped,1,Checkatrade,1
TV Repairs and Installation,Other / Unmapped,1,Airtasker,1
Table Lamp Repair,Other / Unmapped,1,Airtasker,1
Table Tennis Coaching,Other / Unmapped,1,Airtasker,1
Tado Installers,Other / Unmapped,1,Checkatrade,1
Taekwondo Classes,Other / Unmapped,1,Airtasker,1
Tailors,Other / Unmapped,1,Airtasker,1
Takeaway & Delivery,Other / Unmapped,1,Airtasker,1
Takeaway Food,Other / Unmapped,1,Yell,1
Tap Repair,Other / Unmapped,1,Checkatrade,1
Tape & Jointing,Other / Unmapped,1,Checkatrade,1
Tarmac Laying,Other / Unmapped,1,Airtasker,1
Tax Advisor,Other / Unmapped,1,Airtasker,1
Taxi Services,Other / Unmapped,1,Checkatrade,1
Taxis & Private Hire Vehicles,Other / Unmapped,1,Yell,1
Taxis and private hire vehicles,Other / Unmapped,1,Yell,1
Technical Drawing,Other / Unmapped,1,Checkatrade,1
Technical Support,Other / Unmapped,1,Airtasker,1
Technical Writer,Other / Unmapped,1,Airtasker,1
Telecommunications,Other / Unmapped,1,Checkatrade,1
Telephone Engineer,Other / Unmapped,1,Checkatrade,1
Telephone Engineers,Other / Unmapped,1,Airtasker,1
Telephone Faults,Other / Unmapped,1,Checkatrade,1
Telephone Points,Other / Unmapped,1,Checkatrade,1
Telephone System Equipment,Other / Unmapped,1,Checkatrade,1
Television Points,Other / Unmapped,1,Checkatrade,1
Tent Repair,Other / Unmapped,1,Airtasker,1
Terms of Use,Other / Unmapped,1,Rated People,1
Tesco Grocery Delivery,Other / Unmapped,1,Airtasker,1
Thai Food Delivery,Other / Unmapped,1,Airtasker,1
The Range Curtain Installation,Other / Unmapped,1,Airtasker,1
The Range Hanging & Mounting,Other / Unmapped,1,Airtasker,1
The Range Pergola Installation,Other / Unmapped,1,Airtasker,1
The Range Storage,Other / Unmapped,1,Airtasker,1
The Range Wallpaper Installation,Other / Unmapped,1,Airtasker,1
The Stewartry of Kirkcudbright,Other / Unmapped,1,Rated People,1
Thermal Dynamics,Other / Unmapped,1,Checkatrade,1
Thermodynamic Panels,Other / Unmapped,1,Checkatrade,1
Thermostat Installation,Other / Unmapped,1,Airtasker,1
Tile & Ceramic Repair,Other / Unmapped,1,Checkatrade,1
Tile Repair,Other / Unmapped,1,Checkatrade,1
Tile Supplier,Other / Unmapped,1,Checkatrade,1
Timber Merchants,Other / Unmapped,1,Checkatrade,1
"Timber Preservation, Woodworm & Rot",Other / Unmapped,1,Rated People,1
Timber Resin Repairs,Other / Unmapped,1,Checkatrade,1
Timber Restoration,Other / Unmapped,1,Checkatrade,1
Timber Treatment,Other / Unmapped,1,Checkatrade,1
Timing Belt Replacement,Other / Unmapped,1,Airtasker,1
Toaster Repair,Other / Unmapped,1,Airtasker,1
Toilet / Portable Toilet,Other / Unmapped,1,Checkatrade,1
Toilet Installation,Other / Unmapped,1,Airtasker,1
Toilet Seat Fitting,Other / Unmapped,1,Airtasker,1
Toilet seat installation,Other / Unmapped,1,Checkatrade,1
Tool Hire,Other / Unmapped,1,Checkatrade,1
Tool Repair,Other / Unmapped,1,Airtasker,1
Tool Sharpening,Other / Unmapped,1,Airtasker,1
Tow Bar Installation,Other / Unmapped,1,Airtasker,1
Towing / Transportation,Other / Unmapped,1,Checkatrade,1
Towing Services,Other / Unmapped,1,Checkatrade,1
Toyota Service,Other / Unmapped,1,Airtasker,1
Trade Supplier,Other / Unmapped,1,Checkatrade,1
Trade advice centre,Other / Unmapped,1,Rated People,1
Tradesman,Other / Unmapped,1,Airtasker,1
Tradesperson sign up,Other / Unmapped,1,Rated People,1
Traditional Craftsperson,Other / Unmapped,1,Rated People,1
Traditional Craftspersons,Other / Unmapped,1,Rated People,1
Trailer Towing Training,Other / Unmapped,1,Checkatrade,1
Trampoline Repair Service,Other / Unmapped,1,Airtasker,1
Transcription,Other / Unmapped,1,Airtasker,1
Translation,Other / Unmapped,1,Airtasker,1
Transport,Other / Unmapped,1,Bark,1
Transport Services,Other / Unmapped,1,Checkatrade,1
Transportation of Heavy Vehicles,Other / Unmapped,1,Checkatrade,1
Transportation of Light Vehicles,Other / Unmapped,1,Checkatrade,1
Travel Writer,Other / Unmapped,1,Airtasker,1
Treadmill Repair,Other / Unmapped,1,Airtasker,1
Tree Houses,Other / Unmapped,1,Checkatrade,1
Tree Lopper,Other / Unmapped,1,Airtasker,1
Tree Planting,Other / Unmapped,1,Checkatrade,1
Tree Surgery / Consultancy,Other / Unmapped,1,Rated People,1
Trellis,Other / Unmapped,1,Checkatrade,1
Trench Digging,Other / Unmapped,1,Airtasker,1
Trends report,Other / Unmapped,1,Rated People,1
Triathlon Training,Other / Unmapped,1,Airtasker,1
Triple Glazing,Other / Unmapped,1,Airtasker,1
Triple Glazing Installation,Other / Unmapped,1,Checkatrade,1
Triple Glazing Repair,Other / Unmapped,1,Checkatrade,1
Troubleshooting,Other / Unmapped,1,Airtasker,1
Tumble Dryer Repair,Other / Unmapped,1,Checkatrade,1
Turf Laying,Other / Unmapped,1,Airtasker,1
Turf Repair,Other / Unmapped,1,Airtasker,1
Turfing,Other / Unmapped,1,Checkatrade,1
Turkish Takeaway,Other / Unmapped,1,Airtasker,1
Tweeddale,Other / Unmapped,1,Rated People,1
Tyne & Wear,Other / Unmapped,1,Rated People,1
Typist,Other / Unmapped,1,Airtasker,1
Tyrone,Other / Unmapped,1,Rated People,1
UPVC Repairs,Other / Unmapped,1,Checkatrade,1
UPVC Spraying,Other / Unmapped,1,Checkatrade,1
Unblock Outside Drain,Other / Unmapped,1,Checkatrade,1
Under Pinning,Other / Unmapped,1,Checkatrade,1
Underfloor Heating Repair,Other / Unmapped,1,Checkatrade,1
Underpinning / Piling / Foundations,Other / Unmapped,1,Rated People,1
United Kingdom,Other / Unmapped,1,Treatwell,1
Unvented Hot Water Cylinder Installation,Other / Unmapped,1,Checkatrade,1
Unvented Hot Water Cylinder Servicing / Repair,Other / Unmapped,1,Checkatrade,1
Upholstery,Other / Unmapped,1,Checkatrade,1
Upvc Cladding Installers,Other / Unmapped,1,Checkatrade,1
User agreement,Other / Unmapped,1,Rated People,1
Vacuum Service / Repair,Other / Unmapped,1,Checkatrade,1
Vacuuming,Other / Unmapped,1,Airtasker,1
Valentine's Gift Delivery,Other / Unmapped,1,Airtasker,1
Valentines Flower Delivery,Other / Unmapped,1,Airtasker,1
Van / Car Hire,Other / Unmapped,1,Checkatrade,1
Van Conversions,Other / Unmapped,1,Checkatrade,1
Van Lock Fitting,Other / Unmapped,1,Airtasker,1
Van MOT,Other / Unmapped,1,Airtasker,1
Vanity Mirror Installation,Other / Unmapped,1,Airtasker,1
Vauxhall Service,Other / Unmapped,1,Airtasker,1
Vegan Baker,Other / Unmapped,1,Airtasker,1
Vegan Cake Delivery,Other / Unmapped,1,Airtasker,1
Vegan Food Delivery,Other / Unmapped,1,Airtasker,1
Vegan Meal Preparation,Other / Unmapped,1,Airtasker,1
Vegetable Delivery,Other / Unmapped,1,Airtasker,1
Vegetarian Food Delivery,Other / Unmapped,1,Airtasker,1
Vegetarian Meal Preparation,Other / Unmapped,1,Airtasker,1
Vehicle / Car Body Repair,Other / Unmapped,1,Checkatrade,1
Vehicle MOT,Other / Unmapped,1,Airtasker,1
Vehicle Recovery,Other / Unmapped,1,Checkatrade,1
Vehicle Signwriting,Other / Unmapped,1,Checkatrade,1
Vehicle Transport,Other / Unmapped,1,Airtasker,1
Vehicle Wrapping,Other / Unmapped,1,Checkatrade,1
Vehicle Wraps,Other / Unmapped,1,Airtasker,1
Venetian Blind Repair,Other / Unmapped,1,Airtasker,1
Verandah Installation,Other / Unmapped,1,Airtasker,1
Vets,Other / Unmapped,1,Yell,1
Victorian Tiles,Other / Unmapped,1,Checkatrade,1
Video / Audio Repair,Other / Unmapped,1,Checkatrade,1
Video Editing,Other / Unmapped,1,Airtasker,1
View Prices,Other / Unmapped,1,Checkatrade,1
View our prices,Other / Unmapped,1,Checkatrade,1
Villaboard Installation,Other / Unmapped,1,Airtasker,1
Virtual Assistant,Other / Unmapped,1,Airtasker,1
VolP Telephony,Other / Unmapped,1,Checkatrade,1
Volkswagen Service,Other / Unmapped,1,Airtasker,1
Volvo Service,Other / Unmapped,1,Airtasker,1
Wait Staff,Other / Unmapped,1,Airtasker,1
Waiter,Other / Unmapped,1,Airtasker,1
Waitress,Other / Unmapped,1,Airtasker,1
Wall Coatings,Other / Unmapped,1,Checkatrade,1
Wall Hanging & Mounting,Other / Unmapped,1,Airtasker,1
Wall Hanging and Mounting,Other / Unmapped,1,Airtasker,1
Wall Murals,Other / Unmapped,1,Checkatrade,1
Wall Tie Replacement,Other / Unmapped,1,Checkatrade,1
Wall Tie Replacements,Other / Unmapped,1,Checkatrade,1
Wall Tie Specialist,Other / Unmapped,1,Checkatrade,1
Wall Tie Survey,Other / Unmapped,1,Checkatrade,1
Wallpaper Repair,Other / Unmapped,1,Airtasker,1
Wardrobe Delivery,Other / Unmapped,1,Airtasker,1
Wardrobe Maker,Other / Unmapped,1,Checkatrade,1
Warehouse Clearance,Other / Unmapped,1,Checkatrade,1
Warehouse Racking,Other / Unmapped,1,Checkatrade,1
Warwickshire,Other / Unmapped,1,Rated People,1
Waste Bag Collection,Other / Unmapped,1,Airtasker,1
Waste Clearance,Other / Unmapped,1,Checkatrade,1
Waste Collection & Disposal,Other / Unmapped,1,Airtasker,1
Waste Water Treatment Plant Installations,Other / Unmapped,1,Checkatrade,1
Water Coolers Supply / Maintenance,Other / Unmapped,1,Checkatrade,1
Water Damage,Other / Unmapped,1,Airtasker,1
Water Filters,Other / Unmapped,1,Checkatrade,1
Water Heater Repairs and Installation,Other / Unmapped,1,Airtasker,1
Water Leak Detection,Other / Unmapped,1,Checkatrade,1
Water Leaking From Ceiling,Other / Unmapped,1,Checkatrade,1
"Water Mains Specialist (Pipe Replacement, Moling and Lead Pipes)",Other / Unmapped,1,Checkatrade,1
Water Pump Repair,Other / Unmapped,1,Airtasker,1
Water Pumps Installation,Other / Unmapped,1,Checkatrade,1
Water Pumps Repair,Other / Unmapped,1,Checkatrade,1
Water Softener Installation,Other / Unmapped,1,Airtasker,1
Water Softeners,Other / Unmapped,1,Checkatrade,1
Water Supply Pipe Repairs,Other / Unmapped,1,Checkatrade,1
Water Tank Installation & Repair,Other / Unmapped,1,Airtasker,1
Water Tanks and Immersion Heater,Other / Unmapped,1,Rated People,1
Water Underfloor Heating,Other / Unmapped,1,Rated People,1
Water tank repair,Other / Unmapped,1,Checkatrade,1
Watford,Other / Unmapped,1,MyJobQuote,1
Weather Coatings,Other / Unmapped,1,Checkatrade,1
Weather Stripping,Other / Unmapped,1,Airtasker,1
Web,Other / Unmapped,1,Airtasker,1
Web Hosting,Other / Unmapped,1,Airtasker,1
Website & App Testing,Other / Unmapped,1,Airtasker,1
Wedding,Other / Unmapped,1,Airtasker,1
Wedding Band Hire,Other / Unmapped,1,Airtasker,1
Wedding Cakes,Other / Unmapped,1,Airtasker,1
Wedding Car Hire,Other / Unmapped,1,Airtasker,1
Wedding Celebrant,Other / Unmapped,1,Airtasker,1
Wedding Dress Alterations,Other / Unmapped,1,Airtasker,1
Wedding Dress Designer,Other / Unmapped,1,Airtasker,1
Wedding Entertainment,Other / Unmapped,1,Airtasker,1
Wedding Florist,Other / Unmapped,1,Airtasker,1
Wedding Invitation Designer,Other / Unmapped,1,Airtasker,1
Wedding Musicians,Other / Unmapped,1,Airtasker,1
Wedding Singers,Other / Unmapped,1,Airtasker,1
Wedding Transportation,Other / Unmapped,1,Airtasker,1
Weed Control,Other / Unmapped,1,Checkatrade,1
Weight Loss Training,Other / Unmapped,1,Airtasker,1
Welding,Other / Unmapped,1,Checkatrade,1
Welding Fabrication,Other / Unmapped,1,Checkatrade,1
West Glamorgan,Other / Unmapped,1,Rated People,1
West Lothian,Other / Unmapped,1,Rated People,1
West Midlands,Other / Unmapped,1,Rated People,1
West Sussex,Other / Unmapped,1,Rated People,1
West Yorkshire,Other / Unmapped,1,Rated People,1
Western Isles,Other / Unmapped,1,Rated People,1
Wheel Alignment,Other / Unmapped,1,Airtasker,1
Wheel Refurbishment,Other / Unmapped,1,Airtasker,1
Wheel Refurbishments,Other / Unmapped,1,Checkatrade,1
Wheel Tracking,Other / Unmapped,1,Airtasker,1
Whipper Snippering,Other / Unmapped,1,Airtasker,1
White Paper Writer,Other / Unmapped,1,Airtasker,1
Whole Internal Refurbishment,Other / Unmapped,1,Rated People,1
Wholesale Baker,Other / Unmapped,1,Airtasker,1
WiFi Distribution,Other / Unmapped,1,Checkatrade,1
Wifi Extender Setup,Other / Unmapped,1,Airtasker,1
Wifi Help,Other / Unmapped,1,Airtasker,1
Wigtown,Other / Unmapped,1,Rated People,1
Wildlife management,Other / Unmapped,1,Checkatrade,1
Wiltshire,Other / Unmapped,1,Rated People,1
Win more work,Other / Unmapped,1,Checkatrade,1
Wind Turbines,Other / Unmapped,1,Checkatrade,1
Wind Turbines - Feed,Other / Unmapped,1,Checkatrade,1
Windscreen Repair,Other / Unmapped,1,Checkatrade,1
Windscreen Repair & Replacement,Other / Unmapped,1,Airtasker,1
Windscreen Replacement,Other / Unmapped,1,Checkatrade,1
Wiper Motor Repair,Other / Unmapped,1,Airtasker,1
Wix Help,Other / Unmapped,1,Airtasker,1
Wolverhampton,Other / Unmapped,1,MyJobQuote,1
Women's Tailoring,Other / Unmapped,1,Airtasker,1
Woocommerce Help,Other / Unmapped,1,Airtasker,1
Wood / Log Burning Stoves,Other / Unmapped,1,Checkatrade,1
Wood Chipping & Mulching,Other / Unmapped,1,Airtasker,1
Wood Merchants,Other / Unmapped,1,Checkatrade,1
Wood Repair,Other / Unmapped,1,Airtasker,1
Wood Turning Service,Other / Unmapped,1,Checkatrade,1
Wooden / Metal Gates,Other / Unmapped,1,Rated People,1
Wooden / Timber Structures,Other / Unmapped,1,Checkatrade,1
Wooden Blind Fitter,Other / Unmapped,1,Airtasker,1
Wooden Decking,Other / Unmapped,1,Rated People,1
Wooden Gates,Other / Unmapped,1,Checkatrade,1
Wooden Shutter,Other / Unmapped,1,Rated People,1
Wooden Shutters,Other / Unmapped,1,Checkatrade,1
Wooden Staircases,Other / Unmapped,1,Rated People,1
Woodworm Treatment,Other / Unmapped,1,Checkatrade,1
Worcestershire,Other / Unmapped,1,Rated People,1
Workshop Design / Construction,Other / Unmapped,1,Checkatrade,1
Writing,Other / Unmapped,1,Airtasker,1
"Writing, Translation and Transcription",Other / Unmapped,1,Bark,1
Yard Work,Other / Unmapped,1,Airtasker,1
York,Other / Unmapped,1,MyJobQuote,1
Your profile shows up on Google so more customers can find and choose you!,Other / Unmapped,1,Checkatrade,1
Zipper Repair,Other / Unmapped,1,Airtasker,1
Zipper Repair and Replacement,Other / Unmapped,1,Airtasker,1
Zumba Classes,Other / Unmapped,1,Airtasker,1
antique furniture restoration,Other / Unmapped,1,Checkatrade,1
artex ceiling repair,Other / Unmapped,1,Checkatrade,1
attic hatch,Other / Unmapped,1,Checkatrade,1
attic ladder,Other / Unmapped,1,Checkatrade,1
attic trap,Other / Unmapped,1,Checkatrade,1
bath crack,Other / Unmapped,1,Checkatrade,1
bath replacement,Other / Unmapped,1,Checkatrade,1
bathrub drain,Other / Unmapped,1,Checkatrade,1
bathrub screen,Other / Unmapped,1,Checkatrade,1
bathtub fitting,Other / Unmapped,1,Checkatrade,1
bathtub repair,Other / Unmapped,1,Checkatrade,1
bed frame repair,Other / Unmapped,1,Checkatrade,1
bedroom fitted wardrobes,Other / Unmapped,1,Checkatrade,1
bespoke alcove units,Other / Unmapped,1,Checkatrade,1
bespoke bedroom furniture,Other / Unmapped,1,Checkatrade,1
bespoke cabinet makers,Other / Unmapped,1,Checkatrade,1
bespoke cupboards,Other / Unmapped,1,Checkatrade,1
bespoke dining tables,Other / Unmapped,1,Checkatrade,1
bespoke fitted furniture,Other / Unmapped,1,Checkatrade,1
bespoke furniture makers,Other / Unmapped,1,Checkatrade,1
bespoke home office furniture,Other / Unmapped,1,Checkatrade,1
bespoke living room furniture,Other / Unmapped,1,Checkatrade,1
bespoke oak furniture,Other / Unmapped,1,Checkatrade,1
bespoke pergola,Other / Unmapped,1,Checkatrade,1
bespoke pine furniture,Other / Unmapped,1,Checkatrade,1
bespoke under stairs storage,Other / Unmapped,1,Checkatrade,1
bespoke woodwork,Other / Unmapped,1,Checkatrade,1
blocked loo,Other / Unmapped,1,Checkatrade,1
boat repairs,Other / Unmapped,1,Checkatrade,1
boatbuilders,Other / Unmapped,1,Checkatrade,1
bookcase makers,Other / Unmapped,1,Checkatrade,1
borehole,Other / Unmapped,1,Checkatrade,1
cabinet maker,Other / Unmapped,1,Checkatrade,1
ceiling crack,Other / Unmapped,1,Checkatrade,1
ceiling fan,Other / Unmapped,1,Checkatrade,1
ceiling leak,Other / Unmapped,1,Checkatrade,1
ceiling repair,Other / Unmapped,1,Checkatrade,1
ceiling skimming,Other / Unmapped,1,Checkatrade,1
chimney cap installation,Other / Unmapped,1,Checkatrade,1
chimney contractors,Other / Unmapped,1,Checkatrade,1
chimney cowl fitting,Other / Unmapped,1,Checkatrade,1
chimney flue installers,Other / Unmapped,1,Checkatrade,1
chimney installers,Other / Unmapped,1,Checkatrade,1
chimney leak repair,Other / Unmapped,1,Checkatrade,1
chimney liner installers,Other / Unmapped,1,Checkatrade,1
chimney pointing,Other / Unmapped,1,Checkatrade,1
chimney repair companies,Other / Unmapped,1,Checkatrade,1
chimney repair specialists,Other / Unmapped,1,Checkatrade,1
chimney replacement,Other / Unmapped,1,Checkatrade,1
chimney specialist,Other / Unmapped,1,Checkatrade,1
chimney stack repair,Other / Unmapped,1,Checkatrade,1
chimney sweep and repair,Other / Unmapped,1,Checkatrade,1
collapsed drain repair,Other / Unmapped,1,Checkatrade,1
coving installers,Other / Unmapped,1,Checkatrade,1
coving suppliers,Other / Unmapped,1,Checkatrade,1
custom stair railing,Other / Unmapped,1,Checkatrade,1
dishwasher draining,Other / Unmapped,1,Checkatrade,1
dormer installation,Other / Unmapped,1,Checkatrade,1
drain pipe repair,Other / Unmapped,1,Checkatrade,1
drain pipe replacement,Other / Unmapped,1,Checkatrade,1
dripping tap,Other / Unmapped,1,Checkatrade,1
dry lining companies,Other / Unmapped,1,Checkatrade,1
dry lining contractors,Other / Unmapped,1,Checkatrade,1
drywall ceiling contractors,Other / Unmapped,1,Checkatrade,1
drywall installers,Other / Unmapped,1,Checkatrade,1
drywall repair,Other / Unmapped,1,Checkatrade,1
drywall replacement,Other / Unmapped,1,Checkatrade,1
drywall taping,Other / Unmapped,1,Checkatrade,1
eBay Selling Assistance,Other / Unmapped,1,Airtasker,1
felt lap vents,Other / Unmapped,1,Checkatrade,1
fire damage,Other / Unmapped,1,Checkatrade,1
fitted wardrobe company,Other / Unmapped,1,Checkatrade,1
flood damage,Other / Unmapped,1,Checkatrade,1
flue specialist,Other / Unmapped,1,Checkatrade,1
furniture refinishing,Other / Unmapped,1,Checkatrade,1
furniture refurbishing,Other / Unmapped,1,Checkatrade,1
furniture stripper,Other / Unmapped,1,Checkatrade,1
furniture stripping service,Other / Unmapped,1,Checkatrade,1
gas meter,Other / Unmapped,1,Checkatrade,1
gas pipe fitters,Other / Unmapped,1,Checkatrade,1
gas pipe repair,Other / Unmapped,1,Checkatrade,1
gas pipework,Other / Unmapped,1,Checkatrade,1
gazebo installation service,Other / Unmapped,1,Checkatrade,1
gazebo installer,Other / Unmapped,1,Checkatrade,1
google thermostat,Other / Unmapped,1,Checkatrade,1
hive thermostat,Other / Unmapped,1,Checkatrade,1
home renovation,Other / Unmapped,1,Checkatrade,1
hot water tank,Other / Unmapped,1,Checkatrade,1
house renovation,Other / Unmapped,1,Checkatrade,1
hydraulic pipe repair,Other / Unmapped,1,Checkatrade,1
iCloud Setup,Other / Unmapped,1,Airtasker,1
iOS Development,Other / Unmapped,1,Airtasker,1
iPhone Help,Other / Unmapped,1,Airtasker,1
iPhone Repair,Other / Unmapped,1,Airtasker,1
iPhone Screen Replacement,Other / Unmapped,1,Airtasker,1
iPod Repair,Other / Unmapped,1,Airtasker,1
k rend installers,Other / Unmapped,1,Checkatrade,1
k rend specialists,Other / Unmapped,1,Checkatrade,1
k rend suppliers,Other / Unmapped,1,Checkatrade,1
lead pipe,Other / Unmapped,1,Checkatrade,1
leak detection specialist,Other / Unmapped,1,Checkatrade,1
lean to conservatory,Other / Unmapped,1,Checkatrade,1
lean to gazebo,Other / Unmapped,1,Checkatrade,1
lime mortar specialists,Other / Unmapped,1,Checkatrade,1
lintel installation,Other / Unmapped,1,Checkatrade,1
lintel repair,Other / Unmapped,1,Checkatrade,1
lintel replacement,Other / Unmapped,1,Checkatrade,1
log cabin fitters,Other / Unmapped,1,Checkatrade,1
log cabin installers,Other / Unmapped,1,Checkatrade,1
log cabin repair,Other / Unmapped,1,Checkatrade,1
log cabin suppliers,Other / Unmapped,1,Checkatrade,1
macerator toilet repair,Other / Unmapped,1,Checkatrade,1
master thatcher,Other / Unmapped,1,Checkatrade,1
media wall fitters,Other / Unmapped,1,Checkatrade,1
media wall installation,Other / Unmapped,1,Checkatrade,1
media wall specialist,Other / Unmapped,1,Checkatrade,1
media wall with fireplace installation,Other / Unmapped,1,Checkatrade,1
metal stud,Other / Unmapped,1,Checkatrade,1
moling contractors,Other / Unmapped,1,Checkatrade,1
moling services,Other / Unmapped,1,Checkatrade,1
mural artist,Other / Unmapped,1,Checkatrade,1
nest thermostat,Other / Unmapped,1,Checkatrade,1
o2 Sensor Replacement,Other / Unmapped,1,Airtasker,1
oak furniture restoration,Other / Unmapped,1,Checkatrade,1
pebble dash companies,Other / Unmapped,1,Checkatrade,1
pebble dash repair,Other / Unmapped,1,Checkatrade,1
pebble dash suppliers,Other / Unmapped,1,Checkatrade,1
pebble dashing,Other / Unmapped,1,Checkatrade,1
pergolas installed,Other / Unmapped,1,Checkatrade,1
pine furniture restoration,Other / Unmapped,1,Checkatrade,1
pipework,Other / Unmapped,1,Checkatrade,1
pipework connect,Other / Unmapped,1,Checkatrade,1
popcorn ceiling spray,Other / Unmapped,1,Checkatrade,1
power flush companies,Other / Unmapped,1,Checkatrade,1
replace toilet,Other / Unmapped,1,Checkatrade,1
ridge tile repairs,Other / Unmapped,1,Checkatrade,1
rolled steel joist installation,Other / Unmapped,1,Checkatrade,1
rsj installation,Other / Unmapped,1,Checkatrade,1
screeding companies,Other / Unmapped,1,Checkatrade,1
sewer repair,Other / Unmapped,1,Checkatrade,1
shed fitter,Other / Unmapped,1,Checkatrade,1
shed makers,Other / Unmapped,1,Checkatrade,1
sheetrock contractors,Other / Unmapped,1,Checkatrade,1
sheetrock installers,Other / Unmapped,1,Checkatrade,1
silicone sealing,Other / Unmapped,1,Checkatrade,1
sink crack,Other / Unmapped,1,Checkatrade,1
sink draining,Other / Unmapped,1,Checkatrade,1
skim coating contractor,Other / Unmapped,1,Checkatrade,1
skirting boards,Other / Unmapped,1,Checkatrade,1
skirting installers,Other / Unmapped,1,Checkatrade,1
skylight install,Other / Unmapped,1,Checkatrade,1
soil stack replacement,Other / Unmapped,1,Checkatrade,1
staircase fitters,Other / Unmapped,1,Checkatrade,1
staircase refurbishment,Other / Unmapped,1,Checkatrade,1
staircase repair,Other / Unmapped,1,Checkatrade,1
stairs made to measure,Other / Unmapped,1,Checkatrade,1
stove pipe installers,Other / Unmapped,1,Checkatrade,1
stud partition,Other / Unmapped,1,Checkatrade,1
stud wall,Other / Unmapped,1,Checkatrade,1
subsidence repair,Other / Unmapped,1,Checkatrade,1
subsidence specialist,Other / Unmapped,1,Checkatrade,1
subsidence surveys,Other / Unmapped,1,Checkatrade,1
summer house,Other / Unmapped,1,Checkatrade,1
table restoration,Other / Unmapped,1,Checkatrade,1
tap drip,Other / Unmapped,1,Checkatrade,1
toilet fitting,Other / Unmapped,1,Checkatrade,1
toilet flush repair,Other / Unmapped,1,Checkatrade,1
toilet installation,Other / Unmapped,1,Checkatrade,1
toilet repair,Other / Unmapped,1,Checkatrade,1
trv,Other / Unmapped,1,Checkatrade,1
tv cabinet makers,Other / Unmapped,1,Checkatrade,1
ufh installation,Other / Unmapped,1,Checkatrade,1
ufh repair,Other / Unmapped,1,Checkatrade,1
under stairs storage fitters,Other / Unmapped,1,Checkatrade,1
underfloor heating installers,Other / Unmapped,1,Checkatrade,1
underfloor heating maintenance,Other / Unmapped,1,Checkatrade,1
underfloor heating servicing,Other / Unmapped,1,Checkatrade,1
underfloor heating specialist,Other / Unmapped,1,Checkatrade,1
underfloor heating suppliers,Other / Unmapped,1,Checkatrade,1
underground pipework,Other / Unmapped,1,Checkatrade,1
wall crack,Other / Unmapped,1,Checkatrade,1
wallpaper install,Other / Unmapped,1,Checkatrade,1
wardrobe repair,Other / Unmapped,1,Checkatrade,1
wardrobe repairs,Other / Unmapped,1,Checkatrade,1
water damage,Other / Unmapped,1,Checkatrade,1
water leakage repair,Other / Unmapped,1,Checkatrade,1
water main replacement,Other / Unmapped,1,Checkatrade,1
water meter,Other / Unmapped,1,Checkatrade,1
water pipe repair,Other / Unmapped,1,Checkatrade,1
water pipe replacement,Other / Unmapped,1,Checkatrade,1
water pressure,Other / Unmapped,1,Checkatrade,1
water pump servicing,Other / Unmapped,1,Checkatrade,1
water pump specialist,Other / Unmapped,1,Checkatrade,1
water tank installation,Other / Unmapped,1,Checkatrade,1
well pump repair,Other / Unmapped,1,Checkatrade,1
wood burner flue installers,Other / Unmapped,1,Checkatrade,1
wood furniture restoration,Other / Unmapped,1,Checkatrade,1
wood gazebo installation,Other / Unmapped,1,Checkatrade,1
wood stripper,Other / Unmapped,1,Checkatrade,1
wood turning,Other / Unmapped,1,Checkatrade,1
wooden chair repair,Other / Unmapped,1,Checkatrade,1
