reviewId,rating,publishedDate,text,competitor,year,clean_text,relevance,relevance_reason,user_type,user_type_confidence,provider_score,customer_score,complaint_themes,severity,needs_manual_review
6a6d84776a79edbd66914970,1,2026-08-01 07:30:31+00:00,"My son has been receiving phone calls on his Bark phone from someone spoofing my number for several days. I have also noticed on a regular basis that his location jumps A LOT even when I can see him and I know he's home! I have the minimal plan so all he can do is text and call, there are no apps able to be downloaded where someone could potentially do this. I got no alerts or flags through the parent app because it shows up as my phone number! I have no way of telling how long it's been happening. We've had his phone less than a year. I believe they have cloned his phone via bluetooth and accessed his contacts and location. This is absolutely terrifying!!! Carrie(a technical manager) and Abby(the service rep I spoke to) continuously implied that it couldn't be a Bark problem, that my phone carrier must be and that I should reach out to them(which I have). Their only real stop to the problem is blocking my phone, so the spoofer can't get through, which will obviously block me from calling my child, so that's no real option! I trusted this company to keep my son safe and I am so disappointed! Not only because they FAILED TO KEEP MY CHILD SAFE but also that they don't plan to do anything to rectify the situation. I chose Bark because that's literally their sole purpose, keeping these scary siruations away from kids! Go with another carrier, literally ANY of them. Save yourself the money and stress! Your child will be just as safe with another carrier. Keep your baby safe, DO NOT USE BARK!",Bark,2026,"my son has been receiving phone calls on his bark phone from someone spoofing my number for several days. i have also noticed on a regular basis that his location jumps a lot even when i can see him and i know he's home! i have the minimal plan so all he can do is text and call, there are no apps able to be downloaded where someone could potentially do this. i got no alerts or flags through the parent app because it shows up as my phone number! i have no way of telling how long it's been happening. we've had his phone less than a year. i believe they have cloned his phone via bluetooth and accessed his contacts and location. this is absolutely terrifying!!! carrie(a technical manager) and abby(the service rep i spoke to) continuously implied that it couldn't be a bark problem, that my phone carrier must be and that i should reach out to them(which i have). their only real stop to the problem is blocking my phone, so the spoofer can't get through, which will obviously block me from calling my child, so that's no real option! i trusted this company to keep my son safe and i am so disappointed! not only because they failed to keep my child safe but also that they don't plan to do anything to rectify the situation. i chose bark because that's literally their sole purpose, keeping these scary siruations away from kids! go with another carrier, literally any of them. save yourself the money and stress! your child will be just as safe with another carrier. keep your baby safe, do not use bark!",Exclude,Different Bark product/company,Unknown,Low,0,0,['Other / Manual Review'],Low,True
6a7324b14ea1cb3e12af4677,1,2026-08-05 13:55:29+00:00,"Walked into Sew Original on Tues.,8/4/26, and nobody greeted me or even asked if I need help. One salesperson was stuffing their mouth with lunch and the other one was talking to her.  This quilting store needs
a lot of TLC and the employees need to practice their  salesmanship. I will never go in there again. ",Yelp,2026,"walked into sew original on tues.,8/4/26, and nobody greeted me or even asked if i need help. one salesperson was stuffing their mouth with lunch and the other one was talking to her. this quilting store needs a lot of tlc and the employees need to practice their salesmanship. i will never go in there again.",Exclude,"Appears to review a third-party business, not Yelp",Unknown,Low,0,0,['Other / Manual Review'],Low,True
6a689d4a80f0131facc5546c,1,2026-07-28 14:15:07+00:00,"Ein Restaurant, das seit 2021 geschlossen ist und an dessen Standort mittlerweile das x-te Restaurant eröffnet hat, wird nicht gelöscht, weil sie es mit ""öffentlichen Quellen verglichen (hätten) und es scheint, dass diese Adresse mit einem Unternehmen verbunden ist."" Ja, aber leider mit einem falschen. So weit reicht die Fähigkeit nicht Daten abzugleichen.",Yelp,2026,"ein restaurant, das seit 2021 geschlossen ist und an dessen standort mittlerweile das x-te restaurant eröffnet hat, wird nicht gelöscht, weil sie es mit ""öffentlichen quellen verglichen (hätten) und es scheint, dass diese adresse mit einem unternehmen verbunden ist."" ja, aber leider mit einem falschen. so weit reicht die fähigkeit nicht daten abzugleichen.",Exclude,"Appears to review a third-party business, not Yelp",Unknown,Low,0,0,['Other / Manual Review'],Low,True
6a64ff0e0628eea74925b399,1,2026-07-25 20:23:10+00:00,"Restaurante Almazen de Salinas, Alava, SPAIN
I booked a table for 5 people for the 13th July, after having paid the pre-deposit of 150 euros. I did this is the web of the restaurant, not in a booking platform!!
2 days and 21 hours before the booking date, we had to cancel the reservation and we were told by the Manager of the restaurant that the deposit will be reimbursed to the card with which I made the payment.
They said that it was fine as the cancellation has been made with more than 48 hours of notice.
2 weeks later and no money back!!
When called to the restaurant, they have now changed the story;
- It is nothing to do with them , is the responsibility of "" The Fork "". This is false as the refund policy is established by the restaurant and the booking was made directly in their website, not in a booking platform.
It could be that The Fork has been contracted by them to deal with their bookings but this is irrelevant in this scenario.
- Now they said that it is 72 hours and not 48 hours notice. If they would have told us that when we cancelled the booking, on the phone directly with the restaurant, we would have most likely make an extra effort to attend for the booked lunch, so we do not lose the 150 euros. But not, they did not told us that at the appropriate time.
- So they knew when we cancelled the booking on the phone with 70 hours notice ( instead of the 72 hours that now we are told are required ) that they will not refund the money but instead of informing us of this, they told us that all was fine. They deliberately lied to us.
And my final and most important reflection comes here;
"" If a company is prepared to play this unethical games with their clients, what they will be prepared to do behind close doors in many other areas of their business""


",Yelp,2026,"restaurante almazen de salinas, alava, spain i booked a table for 5 people for the 13th july, after having paid the pre-deposit of 150 euros. i did this is the web of the restaurant, not in a booking platform!! 2 days and 21 hours before the booking date, we had to cancel the reservation and we were told by the manager of the restaurant that the deposit will be reimbursed to the card with which i made the payment. they said that it was fine as the cancellation has been made with more than 48 hours of notice. 2 weeks later and no money back!! when called to the restaurant, they have now changed the story; - it is nothing to do with them , is the responsibility of "" the fork "". this is false as the refund policy is established by the restaurant and the booking was made directly in their website, not in a booking platform. it could be that the fork has been contracted by them to deal with their bookings but this is irrelevant in this scenario. - now they said that it is 72 hours and not 48 hours notice. if they would have told us that when we cancelled the booking, on the phone directly with the restaurant, we would have most likely make an extra effort to attend for the booked lunch, so we do not lose the 150 euros. but not, they did not told us that at the appropriate time. - so they knew when we cancelled the booking on the phone with 70 hours notice ( instead of the 72 hours that now we are told are required ) that they will not refund the money but instead of informing us of this, they told us that all was fine. they deliberately lied to us. and my final and most important reflection comes here; "" if a company is prepared to play this unethical games with their clients, what they will be prepared to do behind close doors in many other areas of their business""",Exclude,"Appears to review a third-party business, not Yelp",Unknown,Low,0,0,"['Poor matching / location', 'Billing / refunds']",Medium,True
6a143ee8940f9493d6341ace,1,2026-05-25 14:22:00+00:00,"Wonderful breakfast - cooked to individual order from a menu.  HOWEVER - BIG HOWEVER:

This place completely closes at night.  There is no one running the show.  If you have an early flight - you're screwed because although they will check you out early.  The elevator is locked up from 1 to 7 AM.  
 
1. You can check out early.  However
     a.  The elevator is locked up from 1 - 7 AM.
     b.  SO IS THE STAIRWELL ON THIS 12 Story Building.  Note, I didn't check any other floor, but the stairwell door on the second floor, yes from the inside, was locked.  I would strongly suggest the legal enforcement officials of the Building Standards Act and the Fire Service Act of Japan check this situation out. 
     
This situation means there is no way for you to leave the hotel to catch an early flight.  We discussed this concern with the mgt and they said they would send someone in (""a girl"") to unlock the elevator, allowing us to get our bags out of the room and leave in at 5 AM which is what we wanted.

The hotel staff acted as though it was really unusual for them to have people that needed to check out early.  Really?  No one stays there that needs to catch an early flight?  I could hardly believe it!  Like I said earlier, they had to make a special arrangement for ""a girl"" to come in and let us out.  

By this time they had lost my confidence,  I was supposed to stay in limbo the entire evening and night and hope the ""girl"" makes it in.  There was no relaxation in that thought, so I checked out availability in the Sansui, a sister hotel, and moved my wife, my eight pieces of luggage and myself there, just so I could relax a little before my long journey back to the States the next day.",Yelp,2026,"wonderful breakfast - cooked to individual order from a menu. however - big however: this place completely closes at night. there is no one running the show. if you have an early flight - you're screwed because although they will check you out early. the elevator is locked up from 1 to 7 am. 1. you can check out early. however a. the elevator is locked up from 1 - 7 am. b. so is the stairwell on this 12 story building. note, i didn't check any other floor, but the stairwell door on the second floor, yes from the inside, was locked. i would strongly suggest the legal enforcement officials of the building standards act and the fire service act of japan check this situation out. this situation means there is no way for you to leave the hotel to catch an early flight. we discussed this concern with the mgt and they said they would send someone in (""a girl"") to unlock the elevator, allowing us to get our bags out of the room and leave in at 5 am which is what we wanted. the hotel staff acted as though it was really unusual for them to have people that needed to check out early. really? no one stays there that needs to catch an early flight? i could hardly believe it! like i said earlier, they had to make a special arrangement for ""a girl"" to come in and let us out. by this time they had lost my confidence, i was supposed to stay in limbo the entire evening and night and hope the ""girl"" makes it in. there was no relaxation in that thought, so i checked out availability in the sansui, a sister hotel, and moved my wife, my eight pieces of luggage and myself there, just so i could relax a little before my long journey back to the states the next day.",Exclude,"Appears to review a third-party business, not Yelp",Unknown,Low,0,0,['Other / Manual Review'],Low,True
69e7d6f35ca6f3726e7ceab6,1,2026-04-21 21:58:43+00:00,"J'ai eu une intoxication alimentaire après avoir mangé un steak tartare sauce Thaï dans le restaurant Au Bouquet d'Alésia, dimanche midi. J'ai été malade toute la nuit et je le suis encore aujourd'hui, mercredi. Visiblement, le steak haché n'était pas frais et je ne m'en suis pas rendue compte à cause de la sauce Thaï qui était forte. J'ai communiqué avec le responsable du restaurant qui n'a semblé être ni concerné ni préoccupé.",Yelp,2026,"j'ai eu une intoxication alimentaire après avoir mangé un steak tartare sauce thaï dans le restaurant au bouquet d'alésia, dimanche midi. j'ai été malade toute la nuit et je le suis encore aujourd'hui, mercredi. visiblement, le steak haché n'était pas frais et je ne m'en suis pas rendue compte à cause de la sauce thaï qui était forte. j'ai communiqué avec le responsable du restaurant qui n'a semblé être ni concerné ni préoccupé.",Exclude,"Appears to review a third-party business, not Yelp",Unknown,Low,0,0,['Other / Manual Review'],Low,True
69e40fdca72e6db4b7050cc9,1,2026-04-19 01:12:28+00:00,"We went to the Checkers restraint in east 13th, Wichita. Both times we left with upset feelings.  The fist time we were told there would be a 5 minute or more wait to be seated.  There was hardly any customers we could see already there. We left, no reason we couldn't be seated that we could see.  This second time, that really peed us off, was the same thing, hardly any customers there, and were told it would be at least a 5 minute wait before being seated.  So, since we were there with friends, we did sit down and waited.  During this time, no one came in or left but there were 3 people standing at the entry stand, just talking and not paying any attention to any customers.  Then, after waiting for awhile, we were taken to a booth that we had requested a table since we are both old and unable to sit at the low down booth benches that they have there. I had a previous experience with a very similar bench seat and I couldn't get up from it without making a real fool of myself trying to get up.  It took 3 people to help me get up at that time.  Anyway, we asked repeatedly for a table instead of the booth and even though there were obviously empty tables very close to where we were standing, we were not offered any.  We left at that point, taking 4 customers to a different restaurant",Yelp,2026,"we went to the checkers restraint in east 13th, wichita. both times we left with upset feelings. the fist time we were told there would be a 5 minute or more wait to be seated. there was hardly any customers we could see already there. we left, no reason we couldn't be seated that we could see. this second time, that really peed us off, was the same thing, hardly any customers there, and were told it would be at least a 5 minute wait before being seated. so, since we were there with friends, we did sit down and waited. during this time, no one came in or left but there were 3 people standing at the entry stand, just talking and not paying any attention to any customers. then, after waiting for awhile, we were taken to a booth that we had requested a table since we are both old and unable to sit at the low down booth benches that they have there. i had a previous experience with a very similar bench seat and i couldn't get up from it without making a real fool of myself trying to get up. it took 3 people to help me get up at that time. anyway, we asked repeatedly for a table instead of the booth and even though there were obviously empty tables very close to where we were standing, we were not offered any. we left at that point, taking 4 customers to a different restaurant",Exclude,"Appears to review a third-party business, not Yelp",Unknown,Low,0,0,['Other / Manual Review'],Low,True
69e1c2f93f04ee622f0a9492,1,2026-04-17 07:19:53+00:00,"Lost luggage , no inflight movies, food served with wood utensils 
Double booked seats 
Do not fly Air Seychelles flight lands!!",Yelp,2026,"lost luggage , no inflight movies, food served with wood utensils double booked seats do not fly air seychelles flight lands!!",Exclude,"Appears to review a third-party business, not Yelp",Unknown,Low,0,0,['Other / Manual Review'],Low,True
69b9a7a5ab7eb28048e71c5b,1,2026-03-17 21:12:37+00:00,"Hertz Rent A Car - I rented from Palo Alto CA to Stockton CA.  When I got to Stockton, apparently the agent in Palo Alto made an error and put that I was supposed to return the car to Palo Alto.  The manager of the Stockton store told me it would be another $150.  She said if I didn't like it, I could drive back to Palo Alto and discuss it with that agent.  I paid the bill, called a taxi to take me back to my car.  I later called Hertz company and complained and I did get an immediate refund of the $150 but the customer service in Stockton was horrible.  That person who said she was the manager should be fired.  I'll never rent another car from Hertz. ",Yelp,2026,"hertz rent a car - i rented from palo alto ca to stockton ca. when i got to stockton, apparently the agent in palo alto made an error and put that i was supposed to return the car to palo alto. the manager of the stockton store told me it would be another $150. she said if i didn't like it, i could drive back to palo alto and discuss it with that agent. i paid the bill, called a taxi to take me back to my car. i later called hertz company and complained and i did get an immediate refund of the $150 but the customer service in stockton was horrible. that person who said she was the manager should be fired. i'll never rent another car from hertz.",Exclude,"Appears to review a third-party business, not Yelp",Service Provider / Business,Medium,0,0,['Billing / refunds'],Medium,False
69b18db05d16f5741d55cd7b,1,2026-03-11 17:43:44+00:00,Church Texas chicken on 2506stBernard ave   I ate there the food gave me food poisoning.   I threw up at least six times.  I will never go there again ,Yelp,2026,church texas chicken on 2506stbernard ave i ate there the food gave me food poisoning. i threw up at least six times. i will never go there again,Exclude,"Appears to review a third-party business, not Yelp",Unknown,Low,0,0,['Other / Manual Review'],Low,True
69ac9b9d51e632976ba68825,3,2026-03-07 23:41:49+00:00,"My husband and I have eaten at Pha Khao in Racine, WI several times, and enjoyed it. During previous visits, the service was good. This time, it was the opposite. We arrived with another couple for an early dinner, but all the tables were full. The owner did not greet us, nor did he say how long we'd have to wait. Looking tense, he told a couple of teenage girls in black to vacate a table for four, and began cleaning it. The girls went behind the bar and began laughing and talking loudly. The owner gestured us to the table and we sat down, then he served water. Another teenaged girl appeared to take our drink orders. She looked grumpy, and was dressed in an overlarge t-shirt, baggy pajama bottoms, and what looked like bedroom scuffs. My husband tried to tease a smile from her, but she only lifted the corners of her mouth. The owner came out to verify my choice of Chateau Ste. Michelle cabernet, but he didn't understand which wine I asked for. He brought the bottle to the table to make certain, which was kind of him. The grumpy teen came back for our food orders: my husband chose Crisp Noodles with Chicken, and I asked for Shrimp and Basil Noodles. She entered our choices on a handheld machine, and left. The teens who were making noise behind the bar finally disappeared. Our food came in a reasonable time, except for my Shrimp and Basil Noodles, which somehow had turned into Shrimp Fried Rice. I refused that dish, and told the teen what I'd originally ordered. The owner came over, and I told him what had happened. He took the Shrimp Fried Rice back to the kitchen and put in my original order. It was served by the woman who was cooking, who had waited on us during a previous visit. The food was delicious. When we finished and packed the leftovers into to-go boxes, my husband went to the bar, called for the cook, and personally gave her the tip. It will be a while before we dine here again: by that time, perhaps the owner will find competent servers.",Yelp,2026,"my husband and i have eaten at pha khao in racine, wi several times, and enjoyed it. during previous visits, the service was good. this time, it was the opposite. we arrived with another couple for an early dinner, but all the tables were full. the owner did not greet us, nor did he say how long we'd have to wait. looking tense, he told a couple of teenage girls in black to vacate a table for four, and began cleaning it. the girls went behind the bar and began laughing and talking loudly. the owner gestured us to the table and we sat down, then he served water. another teenaged girl appeared to take our drink orders. she looked grumpy, and was dressed in an overlarge t-shirt, baggy pajama bottoms, and what looked like bedroom scuffs. my husband tried to tease a smile from her, but she only lifted the corners of her mouth. the owner came out to verify my choice of chateau ste. michelle cabernet, but he didn't understand which wine i asked for. he brought the bottle to the table to make certain, which was kind of him. the grumpy teen came back for our food orders: my husband chose crisp noodles with chicken, and i asked for shrimp and basil noodles. she entered our choices on a handheld machine, and left. the teens who were making noise behind the bar finally disappeared. our food came in a reasonable time, except for my shrimp and basil noodles, which somehow had turned into shrimp fried rice. i refused that dish, and told the teen what i'd originally ordered. the owner came over, and i told him what had happened. he took the shrimp fried rice back to the kitchen and put in my original order. it was served by the woman who was cooking, who had waited on us during a previous visit. the food was delicious. when we finished and packed the leftovers into to-go boxes, my husband went to the bar, called for the cook, and personally gave her the tip. it will be a while before we dine here again: by that time, perhaps the owner will find competent servers.",Exclude,"Appears to review a third-party business, not Yelp",Unknown,Low,0,0,['Other / Manual Review'],Low,True
69ac98edf005c3794a71671f,1,2026-03-07 23:30:21+00:00,"I went to Natalie Nails and Spa Leicester salon feeling excited as I hadn’t had my nails done for a few months, but unfortunately the experience was very disappointing. When I showed the design I wanted, the stylist commented that it was “for teens” and not suitable for my age, which felt very judgmental and unprofessional.

I asked for long almond-shaped nails, but she didn’t ask about the length and cut them short. When I mentioned I wanted them longer, she insisted the shorter length was better and said I wouldn’t be able to work with longer nails. I explained that I wasn’t happy with the result, but she became rude and still charged me the full price even though I asked her not to continue with the design.

Very disappointing attitude and customer service. I’ve been coming here for a long time, so it was upsetting to be treated this way. I expected more respect as a customer.",Yelp,2026,"i went to natalie nails and spa leicester salon feeling excited as i hadn’t had my nails done for a few months, but unfortunately the experience was very disappointing. when i showed the design i wanted, the stylist commented that it was “for teens” and not suitable for my age, which felt very judgmental and unprofessional. i asked for long almond-shaped nails, but she didn’t ask about the length and cut them short. when i mentioned i wanted them longer, she insisted the shorter length was better and said i wouldn’t be able to work with longer nails. i explained that i wasn’t happy with the result, but she became rude and still charged me the full price even though i asked her not to continue with the design. very disappointing attitude and customer service. i’ve been coming here for a long time, so it was upsetting to be treated this way. i expected more respect as a customer.",Exclude,"Appears to review a third-party business, not Yelp",Customer,Medium,0,0,['Poor matching / location'],Medium,False
69a427477ef2f61e89d927f7,1,2026-03-01 13:47:19+00:00,"I purchased a mattress from Ashley in Nov 2025 and purchased additional mattress guarantee in addition to the 30 day comfort guarantee.   About 2 weeks after getting the mattress delivered I found out it was not the right one for me in addition to the sides of the mattress giving out because I sit on the side of the bed allot.  I called the store to see about an exchange, they said I had to wait until 30 days was up.  I called back 2 weeks later after the 30 days was up and was told they would have to send an inspector out to inspect the mattress to see that it was not performing the way it should.  I was told by the salesman that if I wasn't satisfied with the mattress I could buy another mattress and pay the difference for an upgrade if I wasn't satisfied with the mattress, not only if the mattress was failing which it was. That beside the fact the inspector was scheduled for 6 weeks later, which means I still have to deal with the problem.  The day of the inspector comes and he doesn't show up.  I call the store they reschedule for another 4 weeks, again they don't show up.  All this time I tried to call the salesman, who gave me his business card with his number on it.  Apparently the number if not answered in 4 rings goes to a different line and you never get to talk to the salesman.  I even called the store directly and was never able to speak to the salesman.  All I got from this store was the run a round and never an answer.  I finally wrote to BBB and they arrange for an exchange of the same exact mattress, of course they did say that I could buy a more expensive mattress.  I bought the mattress on sale and received a $1,000 discount.  I asked if I would get that discount on the new upgraded mattress, the answer was no, the sale was over.  If they would have honored their 30 days guarantee the sale was still going on.  At this point I was not going to throw good money after bad at this store.  I will never shop Ashley Furniture again.  If you want a runaround and never get their guarantee honored shop this store.  I still have to purchase another mattress, but it will never be from Ashley Furniture again.   ",Yelp,2026,"i purchased a mattress from ashley in nov 2025 and purchased additional mattress guarantee in addition to the 30 day comfort guarantee. about 2 weeks after getting the mattress delivered i found out it was not the right one for me in addition to the sides of the mattress giving out because i sit on the side of the bed allot. i called the store to see about an exchange, they said i had to wait until 30 days was up. i called back 2 weeks later after the 30 days was up and was told they would have to send an inspector out to inspect the mattress to see that it was not performing the way it should. i was told by the salesman that if i wasn't satisfied with the mattress i could buy another mattress and pay the difference for an upgrade if i wasn't satisfied with the mattress, not only if the mattress was failing which it was. that beside the fact the inspector was scheduled for 6 weeks later, which means i still have to deal with the problem. the day of the inspector comes and he doesn't show up. i call the store they reschedule for another 4 weeks, again they don't show up. all this time i tried to call the salesman, who gave me his business card with his number on it. apparently the number if not answered in 4 rings goes to a different line and you never get to talk to the salesman. i even called the store directly and was never able to speak to the salesman. all i got from this store was the run a round and never an answer. i finally wrote to bbb and they arrange for an exchange of the same exact mattress, of course they did say that i could buy a more expensive mattress. i bought the mattress on sale and received a $1,000 discount. i asked if i would get that discount on the new upgraded mattress, the answer was no, the sale was over. if they would have honored their 30 days guarantee the sale was still going on. at this point i was not going to throw good money after bad at this store. i will never shop ashley furniture again. if you want a runaround and never get their guarantee honored shop this store. i still have to purchase another mattress, but it will never be from ashley furniture again.",Exclude,"Appears to review a third-party business, not Yelp",Unknown,Low,0,0,['Other / Manual Review'],Low,True
69504c30bb1f1343561f502a,2,2025-12-27 23:14:24+00:00,On 12/23/25 went to Verizon store on Congree Road in Greenville to convert my old phone to new phone. When entered the store it was empty except  2 agents working there. I waited 5min for Tron to look up  form his tablet and ask if he could help. As a long standing Verizon customer I never thought I would be humiliated disrespect and treated so inhumane. I told Tron what I needed and he informed me that I could do it myself. He also told me 6 times how much the service would cost even after I said ok. He told me to open my phone as if I were the problem he never helped me and just place phones on counter. Looks like because he didn’t have good day neither did I . He didn’t event try to assist me with the problem leaving me to find my own resolution. The way he spoke to me was if I couldn’t afford to be there. I walked out humiliated and nothing fixed.I as a customer should not have to endure. I never want anyone to endure anything like that. ,Yelp,2025,on 12/23/25 went to verizon store on congree road in greenville to convert my old phone to new phone. when entered the store it was empty except 2 agents working there. i waited 5min for tron to look up form his tablet and ask if he could help. as a long standing verizon customer i never thought i would be humiliated disrespect and treated so inhumane. i told tron what i needed and he informed me that i could do it myself. he also told me 6 times how much the service would cost even after i said ok. he told me to open my phone as if i were the problem he never helped me and just place phones on counter. looks like because he didn’t have good day neither did i . he didn’t event try to assist me with the problem leaving me to find my own resolution. the way he spoke to me was if i couldn’t afford to be there. i walked out humiliated and nothing fixed.i as a customer should not have to endure. i never want anyone to endure anything like that.,Exclude,"Appears to review a third-party business, not Yelp",Unknown,Low,0,0,['Other / Manual Review'],Low,True
68fe817ff30038f7872e18c6,1,2025-10-26 22:15:59+00:00,"L’hotel si trova a circa 1 km dal centro di Pescasseroli, . La stanza è nela norna, ma all’ingresso si percepisce un forte odore di chiuso: ho dovuto lasciare la finestra aperta per un po’. La posizione del televisore è scomoda, fissato su una parete perpendicolare al letto con un angolo assurdo che rende difficile guardarlo senza affaticare gli occhi. bagno curato e letti nella norma.

Spa: motivo principale per cui avevo scelto l’hotel, ma esperienza completamente deludente. Nonostante il prezzo contenuto, il percorso – composto da vasca idromassaggio, bagno turco, sauna finlandese e doccia emozionale – presenta gravi problemi:
	•	Rumore assordante all’interno, con musica radiofonica totalmente inadatta all’ambiente.
	•	Bagno turco con soffio eccessivamente forte simile a un treno a vapore; doccia malfunzionante e percorso  emozionale con scarsissima erogazione d’acqua. Inoltre, il bagno turco si spegne automaticamente dopo 20–30 minuti, impedendo di completare il percorso a piacimento.
	•	Sauna pubblicizzata come ""finlandese"" ma  la temperatura interna non supera i 60 °C sulle pedane alte. Troppo bassa!
	•	Mancano lettini per il relax e acqua  a disposizione per bere, e il tempo massimo di utilizzo è limitato a un’ora, rendendo l’esperienza stressante invece che rigenerante.

Ho segnalato gentilmente questi problemi alla gestione, ma non sono stato preso in considerazione né rimborsato. Andavo lì proprio per la spa, e sono uscito dopo appena trenta minuti più stressato di prima.

Conclusione: l’hotel può andare , ma la spa è assolutamente da evitare e l'attenzione al cliente è scarsissima.

⸻
",Yelp,2025,"l’hotel si trova a circa 1 km dal centro di pescasseroli, . la stanza è nela norna, ma all’ingresso si percepisce un forte odore di chiuso: ho dovuto lasciare la finestra aperta per un po’. la posizione del televisore è scomoda, fissato su una parete perpendicolare al letto con un angolo assurdo che rende difficile guardarlo senza affaticare gli occhi. bagno curato e letti nella norma. spa: motivo principale per cui avevo scelto l’hotel, ma esperienza completamente deludente. nonostante il prezzo contenuto, il percorso – composto da vasca idromassaggio, bagno turco, sauna finlandese e doccia emozionale – presenta gravi problemi: • rumore assordante all’interno, con musica radiofonica totalmente inadatta all’ambiente. • bagno turco con soffio eccessivamente forte simile a un treno a vapore; doccia malfunzionante e percorso emozionale con scarsissima erogazione d’acqua. inoltre, il bagno turco si spegne automaticamente dopo 20–30 minuti, impedendo di completare il percorso a piacimento. • sauna pubblicizzata come ""finlandese"" ma la temperatura interna non supera i 60 °c sulle pedane alte. troppo bassa! • mancano lettini per il relax e acqua a disposizione per bere, e il tempo massimo di utilizzo è limitato a un’ora, rendendo l’esperienza stressante invece che rigenerante. ho segnalato gentilmente questi problemi alla gestione, ma non sono stato preso in considerazione né rimborsato. andavo lì proprio per la spa, e sono uscito dopo appena trenta minuti più stressato di prima. conclusione: l’hotel può andare , ma la spa è assolutamente da evitare e l'attenzione al cliente è scarsissima. ⸻",Exclude,"Appears to review a third-party business, not Yelp",Unknown,Low,0,0,['Other / Manual Review'],Low,True
68e5c359fabc2894704de312,2,2025-10-08 03:50:17+00:00,"I went to Fred Meyer Jewelers on Market Street Salem Or. Tried to by a watch. Their card system failed to complete the sale. But my bank paid them. Told me would be fixed on Monday. They didn't bother to try. Told me to come back Tuesday.I told them i was mad as this was well out of my way. Tuesday they threw me out of store said talk to corporate. Corporate said couldn't help me without transaction number store wouldn't give me. Told to go back to Store, went to store was told it was all taken care off money should be in my account. Three more calls to corp. and one more visit to store and a call to main Corp number, and I still don't have my lousy 39.95 back. Also Bought the same watch at Wal -Mart for ten dollars less.",Yelp,2025,"i went to fred meyer jewelers on market street salem or. tried to by a watch. their card system failed to complete the sale. but my bank paid them. told me would be fixed on monday. they didn't bother to try. told me to come back tuesday.i told them i was mad as this was well out of my way. tuesday they threw me out of store said talk to corporate. corporate said couldn't help me without transaction number store wouldn't give me. told to go back to store, went to store was told it was all taken care off money should be in my account. three more calls to corp. and one more visit to store and a call to main corp number, and i still don't have my lousy 39.95 back. also bought the same watch at wal -mart for ten dollars less.",Exclude,"Appears to review a third-party business, not Yelp",Customer,Medium,0,0,['Provider quality'],Medium,False
68d10ae3221c56421ffa886d,1,2025-09-22 10:37:55+00:00,"Wenn es weniger als einen Stern gäbe, würde ich genau das vergeben: NULL. Dieses sogenannte „Hotel“ – oder wie sie sich großspurig „Suites“ nennen – ist ein einziger Albtraum.
Das Restaurant? Eine kulinarische Katastrophe. Ich habe in meinem ganzen Leben noch nie so miserables Essen serviert bekommen – selbst Kantinenessen ist dagegen ein Festmahl.
Am ersten Tag wollte ich ein Auto mieten und bat die Rezeption um Hilfe. Statt Unterstützung wurde ich eiskalt an Betrüger vermittelt. 191 Euro futsch – kein Auto, keine Hilfe, keine Verantwortung. Weder das Hotel noch TUI oder Last Minute haben sich gekümmert. Ein Paradebeispiel für organisierte Verantwortungslosigkeit.
Am Pool durfte ich nicht mal im Bikini baden – eine absurde Regel, die nirgends bei der Buchung erwähnt wurde. Angeblich hätte ich eine SMS bekommen. Natürlich: Ich habe keine erhalten. Aber Lügen scheint hier Standard zu sein.
Und dann der Höhepunkt: Beim Duschen kam plötzlich kein Wasser mehr. Ich musste halbnackt zur Rezeption laufen, weil „24/7 erreichbar“ offenbar nur ein Werbeslogan ist.
Die Sauna? Defekt. Der versprochene Strand in 500 Metern? Existiert nicht. Stattdessen die dreiste Ausrede, er sei wegen „Regenzeit“ geschlossen. Lächerlich.
Diese Absteige ist eine Zumutung. Wer hier bucht, wird abgezockt, belogen und enttäuscht. Mein Rat: Finger weg – es gibt bessere Orte, um Geld zu verbrennen.

",Yelp,2025,"wenn es weniger als einen stern gäbe, würde ich genau das vergeben: null. dieses sogenannte „hotel“ – oder wie sie sich großspurig „suites“ nennen – ist ein einziger albtraum. das restaurant? eine kulinarische katastrophe. ich habe in meinem ganzen leben noch nie so miserables essen serviert bekommen – selbst kantinenessen ist dagegen ein festmahl. am ersten tag wollte ich ein auto mieten und bat die rezeption um hilfe. statt unterstützung wurde ich eiskalt an betrüger vermittelt. 191 euro futsch – kein auto, keine hilfe, keine verantwortung. weder das hotel noch tui oder last minute haben sich gekümmert. ein paradebeispiel für organisierte verantwortungslosigkeit. am pool durfte ich nicht mal im bikini baden – eine absurde regel, die nirgends bei der buchung erwähnt wurde. angeblich hätte ich eine sms bekommen. natürlich: ich habe keine erhalten. aber lügen scheint hier standard zu sein. und dann der höhepunkt: beim duschen kam plötzlich kein wasser mehr. ich musste halbnackt zur rezeption laufen, weil „24/7 erreichbar“ offenbar nur ein werbeslogan ist. die sauna? defekt. der versprochene strand in 500 metern? existiert nicht. stattdessen die dreiste ausrede, er sei wegen „regenzeit“ geschlossen. lächerlich. diese absteige ist eine zumutung. wer hier bucht, wird abgezockt, belogen und enttäuscht. mein rat: finger weg – es gibt bessere orte, um geld zu verbrennen.",Exclude,"Appears to review a third-party business, not Yelp",Unknown,Low,0,0,['Other / Manual Review'],Low,True
688e8c7174f40e07d33b0158,2,2025-08-03 00:08:49+00:00,"The flies were more attentive than the waitstaff.  Ordered Philly Cheesesteak Pizza, was so disappointed.  Not at all like the sandwich which showed caramelized onions & peppers which looked delicious. Raw onions & raw peppers and tiny chunks of beef topped my 12” pizza. I asked if they had thin crust, waitress said “no problem” but soft thick pieces graced the plate.  My friend’s hamburger looked excrllrnt and he said it was very good.  Not sure I’ll give this establishment another try. Waitress was hurrying us to leave when we were still eating.  Give our experience a 2 out of 5.  ",Yelp,2025,"the flies were more attentive than the waitstaff. ordered philly cheesesteak pizza, was so disappointed. not at all like the sandwich which showed caramelized onions & peppers which looked delicious. raw onions & raw peppers and tiny chunks of beef topped my 12” pizza. i asked if they had thin crust, waitress said “no problem” but soft thick pieces graced the plate. my friend’s hamburger looked excrllrnt and he said it was very good. not sure i’ll give this establishment another try. waitress was hurrying us to leave when we were still eating. give our experience a 2 out of 5.",Exclude,"Appears to review a third-party business, not Yelp",Unknown,Low,0,0,['Other / Manual Review'],Low,True
67cedbe4faf7e6392ad9f360,1,2025-03-10 14:32:36+00:00,"Ich hatte für mein Restaurant einen Eintrag bei Yelp, dieser einfach so gelöscht wurde. Keine Ahnung wieso. Ich versuche mich seit mehr als einem halben Jahr wieder einzutragen und seit mehr als 6 Monaten steht da, dass ein Moderator den Eintrag bestätigen muss. Danach steht noch ""Lerne mehr dazu"" als Link. Klickt man drauf, kommt eine Fehlerseite. Yelp kann man irgendwie nicht direkt kontaktieren.",Yelp,2025,"ich hatte für mein restaurant einen eintrag bei yelp, dieser einfach so gelöscht wurde. keine ahnung wieso. ich versuche mich seit mehr als einem halben jahr wieder einzutragen und seit mehr als 6 monaten steht da, dass ein moderator den eintrag bestätigen muss. danach steht noch ""lerne mehr dazu"" als link. klickt man drauf, kommt eine fehlerseite. yelp kann man irgendwie nicht direkt kontaktieren.",Exclude,"Appears to review a third-party business, not Yelp",Unknown,Low,0,0,['Other / Manual Review'],Low,True
67aa26df85acd7742ce7ca86,1,2025-02-10 18:18:39+00:00,"A fuir restaurant a cro de Cagnes le cararocca
On a pris la formule bistrot à 17,50€  a 12h15 et ressorti a 14h15
Nous avons commandé des moules frites, on a eut deux  pavés de bœuf dur et trop cuit. Alors que l'on avait dit saignant .
Mais le clou du spectacle c'est qu'un couple est venu bien apres nous et eux ils ont eu des moules😡
 chercher l'erreur 
 On avait commandé deux  tartes coco, on a eu sans être prévenu deux tartes aux pommes  (surgelée).
On a attendu pas mal de temps 
on a mal mangé, et pas ce que l’on a commandé en plus, et il nous a fait  un prix en arrivant au final à la même somme exactement…17.50 alors qu'il nous a offert les cafés 🤣
Il nous a offert les cafés (qui étaient compris dans la formule !) et on a payé .. 17,50€
C'est plus un attrape touristes ",Yelp,2025,"a fuir restaurant a cro de cagnes le cararocca on a pris la formule bistrot à 17,50€ a 12h15 et ressorti a 14h15 nous avons commandé des moules frites, on a eut deux pavés de bœuf dur et trop cuit. alors que l'on avait dit saignant . mais le clou du spectacle c'est qu'un couple est venu bien apres nous et eux ils ont eu des moules😡 chercher l'erreur on avait commandé deux tartes coco, on a eu sans être prévenu deux tartes aux pommes (surgelée). on a attendu pas mal de temps on a mal mangé, et pas ce que l’on a commandé en plus, et il nous a fait un prix en arrivant au final à la même somme exactement…17.50 alors qu'il nous a offert les cafés 🤣 il nous a offert les cafés (qui étaient compris dans la formule !) et on a payé .. 17,50€ c'est plus un attrape touristes",Exclude,"Appears to review a third-party business, not Yelp",Unknown,Low,0,0,['Other / Manual Review'],Low,True
67a3c1f0e2d2b4de55cf2463,2,2025-02-05 21:54:24+00:00,"Ashley furniture in Queen Creek.
I already knew about the bad reviews with deliveries but I really liked this dining room set. All would be delivered except 2 chairs. We knew that.Two kitchen chairs did not fit on the truck..(?.) My 6th sense screamed “Walk away”.Delivery was scheduled for 2-4. I confirmed.recording then it said now I cannot change the delivery. Later got a text saying they could not deliver the two chairs on the 4th but will be here on the 5th. Later on the 4th they said there was 3 del ahead of us so will be here soon. No show. Waited all day on the 5th. No show. I called them and was told they show no del was scheduled. I called to complain and spoke to Alejandro who was very nice and got a case started for me and escalation (we have company coming and need the chairs) so I should receive a call in 48hours.  I asked him if I could pick them up. He is not in that dept so had no access to that info. 
I gave them one star for Alejandro and one star for my beautiful dining room table. No star for the delivery dept. ",Yelp,2025,ashley furniture in queen creek. i already knew about the bad reviews with deliveries but i really liked this dining room set. all would be delivered except 2 chairs. we knew that.two kitchen chairs did not fit on the truck..(?.) my 6th sense screamed “walk away”.delivery was scheduled for 2-4. i confirmed.recording then it said now i cannot change the delivery. later got a text saying they could not deliver the two chairs on the 4th but will be here on the 5th. later on the 4th they said there was 3 del ahead of us so will be here soon. no show. waited all day on the 5th. no show. i called them and was told they show no del was scheduled. i called to complain and spoke to alejandro who was very nice and got a case started for me and escalation (we have company coming and need the chairs) so i should receive a call in 48hours. i asked him if i could pick them up. he is not in that dept so had no access to that info. i gave them one star for alejandro and one star for my beautiful dining room table. no star for the delivery dept.,Exclude,"Appears to review a third-party business, not Yelp",Customer,Medium,0,0,['Provider quality'],Medium,False
