reviewId,rating,publishedDate,text,competitor,year,manual_relevance,manual_user_type,primary_complaint_theme,secondary_complaint_theme,manual_complaint_themes,manual_severity,annotation_method,annotation_status,audit_relevance,audit_user_type,audit_primary_theme,audit_secondary_theme,audit_severity,audit_notes
6a0d9b07f3d2a676b13f7d0b,3,2026-05-20 13:29:11+00:00,Not an easy site to follow and not everyone I clicked on has come back to me,Bark,2026,Relevant,Customer,Platform usability / technical issues,,Platform usability / technical issues,Medium,Ollama qwen3:4b-instruct + frozen V3 codebook + deterministic side check,ai_label_needs_audit,,,,,,
68b2c5417513cda67d152990,2,2025-08-30 11:32:49+00:00,far too many follow up emails even after i have closed the enquiry,Bark,2025,Relevant,Service Provider / Business,Unresponsive leads,,Unresponsive leads,Medium,Ollama qwen3:4b-instruct + frozen V3 codebook + deterministic side check,ai_label_needs_audit,,,,,,
6952bfdcb4040b9e47b78a92,3,2025-12-29 19:52:28+00:00,Dislike Bark continually emailing,Bark,2025,Relevant,Customer,Privacy / unwanted contact,,Privacy / unwanted contact,Low,Ollama qwen3:4b-instruct + frozen V3 codebook + deterministic side check,ai_label_needs_audit,,,,,,
6a5e859aa16be06e59a74723,1,2026-07-20 22:31:22+00:00,Client depuis 2023. Pas un seul lead ! Que de la perte d'argent. Il promette satisfait ou reconduit mais ça reste 0 lead ,Bark,2026,Relevant,Customer,Too many provider contacts / spam,,Too many provider contacts / spam,Medium,Ollama qwen3:4b-instruct + frozen V3 codebook + deterministic side check,ai_label_needs_audit,,,,,,
68224fb3009fb181968a1ff3,2,2025-05-12 21:44:51+00:00,"Die Plattform ist von der Software her ganz gut umgesetzt und das Servicepersonal am Telefon und per Email auch sehr nett, daher zwei Sterne (je einen quasi für diese beiden Punkte). 

Bei der Kernfunktion (gute Leads kaufen) konnte ich jedoch leider bisher keine besonders gute Erfahrung machen: Beim ersten Creditpaket war kein einziger Lead dabei, wobei ich jeden Lead sowohl über das System und dann später per manueller Email als auch telefonisch zu erreichen versuchte. Oft klappt das gar nicht erst. Wer bitte schaltet eine Anzeige und lässt sich dann auf keinem der Kommunikationskanäle erreichen, wenn man laut System meist der Einzige war, der den Lead bisher gekauft hat? Das kommt hier aber oft vor. Daher kaufe ich schon gar keine Leads mehr, bei denen die Tel-Nr. nicht verifiziert ist, da diese dann meist nicht vergeben war und per Email (meist web.de, gmx, gmail oder hotmail etc, d.h. keine seriösen eigenen Domains) keine Rückmeldung kam.

Die Leadqualität ist meines Erachtens sehr schlecht und das kann ich auch von daher bewerten, weil ich für meine Firma schon diverse Lead-Kauf-Plattformen ausprobiert habe. Diese Plattform hier zielt bisher scheinbar auf überdurchschnittlich viele Privatpersonen oder Solopreneure bzw. solche, die es werden wollen (z. B. Startups ohne Geld). 

Firmenleads (d.h. im B2B-Bereich) von Interessenten, die ihr Inserat im Auftrag einer Firma schalten, sind erfahrungsgemäß sehr viel ernsthafter und wertiger, können hier aber nicht klar als solche identifiziert werden (wenn überhaupt mal eine Firma hier inseriert). Auch kriegt man vom System nur einen Vornamen, was total unseriös ist in der Ansprache der Leads, weil man sie ohne Namen oder mit Vornamen anschreiben muss.

WUNSCH: Wenn man konkret Leads von Firmen als solche erkennen könnte, wäre das hier ein klarer Vorteil, den ich mir sehr wünsche. Dann würde ich Bark.com nochmal eine Chance geben. Denn nachdem das erste Creditpaket nichts erbrachte, außer viel Zeit- und Geldverschwendung, habe ich eine Erstattung erbeten und erhalten nebst dem Tipp, dass man künftig gleich innerhalb der ersten halben Stunde bei den Inserenten Kontakt suchen sollte. Wenngleich das nicht immer gelingt, war dann (vielleicht durch das bestmögliche Befolgen dieses Tipps) die Konvertierung schon besser: Zwei Kunden beim nächsten Credit-Paket, d.h. zwei von insgesamt zwei Credit-Paketen, mit denen man laut Angabe von Bark.com durchschnittlich 20 Leads kaufen kann. Also beim ersten Paket 0% Konversion, beim zweiten Paket 20%, d.h. durchschnittlich 10% Konversion bei uns bisher.

Leider war die Qualität selbst dieser beiden Leads auch nicht ideal, aber immerhin war eines ein Lead einer Firma (die aber ein extrem niedrigpreisiges Budget hat) und einmal von einem Einzelunternehmer (mit normaler Preisvorstellung). 

Außerdem scheinen viele Leads nicht ernsthaft zu inserieren. Habe es öfter gehabt, dass dann gemeint wurde, ""wollte nur mal die Plattform ausprobieren"" oder ""Ach ne, wir haben es gar nicht so ernst gemeint, wir ziehen unsere Anfrage zurück"". Dass man als Nachfrager ziemlich viel Geld dafür gezahlt hat, hat sich den Inserenten als unbekannt erwiesen. Die Meisten bisher dachten, man sei ein Mitarbeiter von Bark.com und nicht eine externe Firma, die deren Kontaktdaten gekauft hat. Ich fände es angebracht, dass Bark.com den Leuten, die ein Inserat schalten, auch deutlich macht, dass deren Kontaktdaten an Dritte verkauft werden. Schon alleine, damit man das dann nicht selbst erklären muss als externe Firma. Bisher war das keinem meiner Leads klar, mit denen ich sprach.

Jedenfalls wenn Bark.com seine Werbung auch mehr auf Portalen schalten würde, auf denen Mitarbeiter hochwertiger, seriöser, etablierter und zahlungskräftiger Firmen unterwegs sind, dann wäre die Software von Bark.com wirklich toll. Aber bisher wirkt es auf mich eher so wie ein low-Budget-Portal nach dem Vorbild von MyHammer o.ä., bei dem die nicht großartig irgendwie ernsthaft vorqualifizierten Kunden ein Inserat aufgeben, das in vielen Fällen ein paar Stunden bis zu einem Tag später den Inserenten schon selbst nicht mehr kümmert und wenn doch einmal, dann hat man es mit nicht liquiden Preisdrückern zu tun. Würde mich sehr freuen, wenn das künftig mit mehr Qualität der Leads anders werden würde. An sich wie gesagt eine interessante Plattform vom Konzept her.",Bark,2025,Relevant,Service Provider / Business,Poor lead quality,Fake / invalid leads,Poor lead quality | Fake / invalid leads,Medium,Ollama qwen3:4b-instruct + frozen V3 codebook + deterministic side check,ai_label_needs_audit,,,,,,
6a60f01b4f268da22370e962,2,2026-07-22 18:30:19+00:00,"You expect us to be honest and helpful when giving a review but you have dishonest companies on your platform. I have been ripped off for over £7,000 and have been left with a bomb site. Bring back the yellow pages. ",Bark,2026,Relevant,Customer,Provider verification / safety,,Provider verification / safety,Medium,Ollama qwen3:4b-instruct + frozen V3 codebook + deterministic side check,ai_label_needs_audit,,,,,,
6a59113b1e587aed508d142b,1,2026-07-16 19:13:31+00:00,"Bark is a major scam, they used to be a decent site to find leads, though they're now running a spam operation. Every time I was able to setup a meeting with a potential lead, it ended up being a hacker. They'll send you a fake zoom phishing link or some type of meeting download via email that attempts download malware on your computer. The remaining leads I purchased either had disconnected phone numbers or the leads said they don't know how their info got on Bark. Stay away from this site, don't waste your money.",Bark,2026,Relevant,Service Provider / Business,Fake / invalid leads,,Fake / invalid leads,Medium,Ollama qwen3:4b-instruct + frozen V3 codebook + deterministic side check,ai_label_needs_audit,,,,,,
664cb1f2d02740a6a2454cc7,2,2024-05-21 16:38:42+00:00,"Ich bin jetzt innerhalb von 2-3 Jahren das zweite Mal von diesem Unternehmen angeschrieben worden. Beim ersten Mal konnte ich noch nachvollziehen, woher sie meine E-Mail Adresse haben, mittlerweile mit meiner neuen Seite war es unmöglich auf legale Weise über meine Homepage an meine ""private"" E-Mail Adresse zu kommen, an die die Mails gesendet werden. Zudem verbiete ich über die Nutzungsbedingungen meiner Seite die unaufgeforderte Zusendung solcher Angebote selbst an meine professionelle Adresse, weil diese Firma sich oft damit rausredet, die Adresse angeblich legal über Webseiten beschafft zu haben.
Also, weder habe ich mich irgendwo eingetragen oder registriert, noch ist meine private E-Mail Adresse irgendwo sichtbar und die Angebote, die man erhält, sind in über 80% der Fälle definitiv nicht passend oder glaubwürdig.
Ich habe Bark versucht in einer Antwort zur Rede zu stellen, woher sie meine Daten haben und gesagt, dass ich kein Interesse habe, bisher aber ohne Erfolg. Keine Antwort, aber weiterhin Angebots E-Mails. Ich sage, Vorsicht bei diesem Unternehmen.
UPDATE 31.05.2024: Mittlerweile bekomme ich keine Angebote mehr, Bark hat aber versucht diesen Eintrag löschen zu lassen und möchte jetzt weitere Daten von mir, um den Fall als ""echt"" einstufen und besser reagieren zu können... ich bleibe also bei meiner Meinung und wünsche keinen weiteren Kontakt zu diesem Unternehmen.",Bark,2024,Relevant,Service Provider / Business,Fake / invalid leads,,Fake / invalid leads,Medium,Ollama qwen3:4b-instruct + frozen V3 codebook + deterministic side check,ai_label_needs_audit,,,,,,
69efd7ebefa6c36ac06b0448,3,2026-04-27 23:40:59+00:00,"I was looking for someone to do a spring yard clean-up.  The only people you have were landscapers and they were charging in excess of 3 times what I've ever been charged  before or that a landscaper, who  I found  in my own, was charging.  This is the first time I've ever been unable to find fair prices. ",Bark,2026,Relevant,Customer,Pricing / quote transparency,,Pricing / quote transparency,Medium,Ollama qwen3:4b-instruct + frozen V3 codebook + deterministic side check,ai_label_needs_audit,,,,,,
6a4800275aa4f5209da286a3,3,2026-07-03 20:32:07+00:00,We had two contacts one we used the other was too late.   A lot did not respond.,Bark,2026,Relevant,Customer,Too many provider contacts / spam,,Too many provider contacts / spam,Medium,Ollama qwen3:4b-instruct + frozen V3 codebook + deterministic side check,ai_label_needs_audit,,,,,,
691331dbf3ad271d426afc14,2,2025-11-11 14:53:47+00:00,"I own a property maintenance business and was told to try out bark for some extra leads to fill up the gaps. I purchased 60 credits. I used them on ""high intent "" and ""first to respond"" leads. 

Out of these leads which totalled to 8 in total. 4 of them were customers who were just checking the market out. Not interested in getting work done at all. 

3 of them did not answer the phone or respond to text. I have 1 pending but honestly for the amount that was spent on the credits, its not worth it. ",Bark,2025,Relevant,Service Provider / Business,Poor lead quality,,Poor lead quality,Medium,Ollama qwen3:4b-instruct + frozen V3 codebook + deterministic side check,ai_label_needs_audit,,,,,,
69b822532651dc8e2057eec1,3,2026-03-16 17:31:31+00:00,Because I can't find a coach that fit me after Scarlett ,Bark,2026,Relevant,Customer,Finding a provider / low response,,Finding a provider / low response,Low,Ollama qwen3:4b-instruct + frozen V3 codebook + deterministic side check,ai_label_needs_audit,,,,,,
6a1d5475d9a394b9e609b833,3,2026-06-01 11:44:21+00:00,"I received one very prompt response and the contractor visited site and provided a quotation to undertake the work.  He was very courteous and knowledgeable. 
However his price was astronomical.  I’m not proceeding. ",Bark,2026,Relevant,Customer,Pricing / quote transparency,,Pricing / quote transparency,Medium,Ollama qwen3:4b-instruct + frozen V3 codebook + deterministic side check,ai_label_needs_audit,,,,,,
6a67de634fc9c8cd8eb10ba5,1,2026-07-28 00:40:35+00:00,I had asked please stop sending me more emails but I am still getting ,Bark,2026,Relevant,Customer,Privacy / unwanted contact,,Privacy / unwanted contact,Low,Ollama qwen3:4b-instruct + frozen V3 codebook + deterministic side check,ai_label_needs_audit,,,,,,
6a7d17f616a6f3c0873937f0,1,2026-08-13 03:03:50+00:00,"My contractor gave me a good estimate by phone, also added extra for being  instead of 8 mm. my hard wood floors was 12 mm. asked me $600.00 more, I didn't argue because of was urgent to be done I asked please write down and send me the estimate he did it, I trusted him and didn't pay attention he put on estimate $4.50 per sq.f which is $1,000.00 more then we agreed for and spouse to be painted the base boards in the his estimate and he didn't do it. i suggest be very careful with this guy read every word on estimate.  ",Bark,2026,Relevant,Customer,Pricing / quote transparency,,Pricing / quote transparency,Medium,Ollama qwen3:4b-instruct + frozen V3 codebook + deterministic side check,ai_label_needs_audit,,,,,,
69f18f686a6e7f8e27a5a35e,3,2026-04-29 06:56:08+00:00,There don't reply to emails ,Bark,2026,Relevant,Customer,Too many provider contacts / spam,,Too many provider contacts / spam,Low,Ollama qwen3:4b-instruct + frozen V3 codebook + deterministic side check,ai_label_needs_audit,,,,,,
6a69501fa4a08d50ac06c899,1,2026-07-29 02:58:07+00:00,"Bark bites. no matter what link you click on, it's impossible to log in. no matter what password you use, it's impossible to log into their website and try, just try getting a real person or even a fake one or a place to submit a question, like, how do i log in??? and they make it easy to charge you to quit",Bark,2026,Relevant,Customer,Platform usability / technical issues,,Platform usability / technical issues,Medium,Ollama qwen3:4b-instruct + frozen V3 codebook + deterministic side check,ai_label_needs_audit,,,,,,
6a775e3f02858e35e1d64ffc,1,2026-08-08 18:50:07+00:00,99% Fake lead,Bark,2026,Relevant,Service Provider / Business,Fake / invalid leads,,Fake / invalid leads,Medium,Ollama qwen3:4b-instruct + frozen V3 codebook + deterministic side check,ai_label_needs_audit,,,,,,
6a5cd8ee0b0f1445e464a2d8,1,2026-07-19 16:02:22+00:00,"If you are professional avoid. I don't even understand how this is even legal . I gave it a go and bought starter pack with 50% discount it costed me 400£ , the actual price is 666£ excl VAT. 

So that gets you 370 of their credits . You can obtain leads for some credits depending on approximate budget of requests . So if project is within 250-999£ it will be around 40 credits +-10. Which is already incredibly expensive for a lead that you will compete with other 5 trades , as they claim might be more than 5 . 
But shameless part is they will say credit return guarantee for starter pack, but reply nonsense when reach them out. That's  first trap you feel they are guarantee something , but no. they will just return your credits at best( i didnt get it back ) not the money .

Then once you purchase the lead it will be absolute dead lead , with dead phone number . out 14 leads I got only 1 response the rest were absolute dead . Probably they generate them themself. Who the hell would request some project at 3 am in the UK every day? Well obviously it will be a bot (reminds pattern of mailbombing bots , as it have bit varying interval) , and you will exchange it for credits that you bought for real money . Then, you will end up chasing ghosts . Incredibly no one even blinks, Authorities should audit them properly  !",Bark,2026,Relevant,Service Provider / Business,Fake / invalid leads,Billing / refunds,Fake / invalid leads | Billing / refunds,High,Ollama qwen3:4b-instruct + frozen V3 codebook + deterministic side check,ai_label_needs_audit,,,,,,
6a5a340b6ac3e025638b74c6,1,2026-07-17 15:54:19+00:00,Fake website with fake leads. They ban you right after you purchase credits so you dont get to use them.,Bark,2026,Relevant,Service Provider / Business,Fake / invalid leads,,Fake / invalid leads,Medium,Ollama qwen3:4b-instruct + frozen V3 codebook + deterministic side check,ai_label_needs_audit,,,,,,
6a561d61ff9ca9d50b23ddba,2,2026-07-14 13:28:33+00:00,Didn't get any quotes or contact ,Bark,2026,Relevant,Customer,Finding a provider / low response,,Finding a provider / low response,Medium,Ollama qwen3:4b-instruct + frozen V3 codebook + deterministic side check,ai_label_needs_audit,,,,,,
6a58a9b95f3600af360ca645,1,2026-07-16 11:51:53+00:00,Terrible - signposted me to a company that I have had to report to trading standards ,Bark,2026,Relevant,Customer,Provider verification / safety,,Provider verification / safety,Medium,Ollama qwen3:4b-instruct + frozen V3 codebook + deterministic side check,ai_label_needs_audit,,,,,,
6a2430a756319d3152599b77,1,2026-06-06 16:37:28+00:00,"Site à arnaque 
Les Filtres client ou prestataire non élaborés pour la France  

Le questionnaire client pas assez élaboré pour que les filtres soient en adéquation. prospects trop chers pour un résultat et bark se cache derrière ça pour ne pas rembourser des crédits ce qui n’est pas normal c’est même honteux  . 
Site se revendiquant à l’avantage du prestataire mais ce n’est pas vrai.",Bark,2026,Relevant,Service Provider / Business,Fake / invalid leads,,Fake / invalid leads,Medium,Ollama qwen3:4b-instruct + frozen V3 codebook + deterministic side check,ai_label_needs_audit,,,,,,
6a58ab6c9a7a15e2c6e68dec,3,2026-07-16 11:59:08+00:00,Too slow too respond ,Bark,2026,Relevant,Customer,Too many provider contacts / spam,,Too many provider contacts / spam,Low,Ollama qwen3:4b-instruct + frozen V3 codebook + deterministic side check,ai_label_needs_audit,,,,,,
6a61fa5841aff6d6a5781905,2,2026-07-23 13:26:16+00:00,Still need someone to do the work ,Bark,2026,Relevant,Customer,Finding a provider / low response,,Finding a provider / low response,Low,Ollama qwen3:4b-instruct + frozen V3 codebook + deterministic side check,ai_label_needs_audit,,,,,,
6964205d59225e5864ce4105,3,2026-01-12 00:12:45+00:00,"A mixed review. I have posted a few jobs recently. Some trades have shown an interest. Some I have booked and they have been satisfactory and one has been unsatisfactory. Communication with some trades are not forthcoming, high and inconsistent quotes and lack of decorum when they come to your property to survey the work. It states they are vetted by Checkatrade, but you have to use your own due diligence.",Checkatrade,2026,Relevant,Customer,Provider quality / no-show,,Provider quality / no-show,Medium,Ollama qwen3:4b-instruct + frozen V3 codebook + deterministic side check,ai_label_needs_audit,,,,,,
6a6afca10f1bf415bfcb4115,1,2026-07-30 09:26:25+00:00,I found a tradesmen off the checkatrade app to instal a garden trellis. He confirmed the price but later on upon completion he added on extra charges that hadn’t been confirmed prior and pressured me into paying for it. Saying I had to. They were two men and I was a lone female so felt threatened and forced to pay. I complained to checkatrade and they said there’s nothing they can do. The tradesperson has deleted their profile on checkatrade and deleted their company Facebook page. Their business was only registered a few months ago so it’s obvious they’re a scam company that checkatrade hosted. Unverified reviews can be left for tradesmen on checkatrade and tradesmen’s can delete bad reviews. So that doesn’t give consumers a chance to know they are hiring a legitimate tradesperson. I’ve been scammed out of hundreds of pounds. I’m on a low income and this has affected my finances majorly. I’ve had to borrow money off family just to get by. It’s caused immense stress for me. And this is all because checkatrade are hosting scammers. My family friend is a journalist for the local newspaper and is looking into writing an article on it. Hopefully this can warn other customers.,Checkatrade,2026,Relevant,Customer,Provider verification / safety,,Provider verification / safety,High,Ollama qwen3:4b-instruct + frozen V3 codebook + deterministic side check,ai_label_needs_audit,,,,,,
69260d31641d31c79d53b4eb,3,2025-11-25 22:10:25+00:00,"So checkatrade is great, it does exactly what it needs to and every time I use it, I get a good number of prices and I've never had a problem with the tradesperson.
However, in my particular case (now living in Australia and renting out UK house we used to live in), it is very difficult to use. A big improvement would be to allow access to the App on international app stores (not just the UK) and to allow non-uk phone numbers on the website. I have to put in a relative's number just to use the service which is frustrating when they get a bunch of calls from tradies. Recognise that it is possible to live outside the UK but still have a property that needs attention!",Checkatrade,2025,Relevant,Customer,Platform usability / technical issues,Privacy / unwanted contact,Platform usability / technical issues | Privacy / unwanted contact,Low,Ollama qwen3:4b-instruct + frozen V3 codebook + deterministic side check,ai_label_needs_audit,,,,,,
69e356b6172eadf241084e2c,2,2026-04-18 12:02:30+00:00,Two people phoned me as a result of my enquiry. Neither gave a company name. The one who came quoted for a job which I don't feel was full carried out. The other person told me I probably needed replacement gutters before he'd even seen the house. I wouldn't use checkatrade again ,Checkatrade,2026,Relevant,Customer,Provider quality / no-show,,Provider quality / no-show,Medium,Ollama qwen3:4b-instruct + frozen V3 codebook + deterministic side check,ai_label_needs_audit,,,,,,
6a281f1915d1fe459fd2dd15,1,2026-06-09 16:11:37+00:00,"It appears to be difficult to be able to leave a review on checkatrade. I did this twice, and received verification codes both times, but they still seem unable to apply my comments. I would have thought this would be a very simple task.  ",Checkatrade,2026,Relevant,Customer,Review trust / moderation,,Review trust / moderation,Medium,Ollama qwen3:4b-instruct + frozen V3 codebook + deterministic side check,ai_label_needs_audit,,,,,,
69fdac605ab66ce62a01d5d7,3,2026-05-08 11:26:57+00:00,I have entered reviews and they haven't been posted on the checkatrade website,Checkatrade,2026,Relevant,Service Provider / Business,Review trust / moderation,,Review trust / moderation,Medium,Ollama qwen3:4b-instruct + frozen V3 codebook + deterministic side check,ai_label_needs_audit,,,,,,
6a20616cba0e0f6ed2d844ef,3,2026-06-03 19:16:28+00:00,Good to find trades people a lot of messers on there that over charge or not willing to take on work because the don’t believe there enough money in the job. I think all payment and connection should be done via the app as I had parade person ask be to pay for the job up front but came away from the platform to ask this ,Checkatrade,2026,Relevant,Customer,Provider quality / no-show,,Provider quality / no-show,Medium,Ollama qwen3:4b-instruct + frozen V3 codebook + deterministic side check,ai_label_needs_audit,,,,,,
6a457237af837c9909c48d90,1,2026-07-01 22:01:59+00:00,"stay well away from this scam business. the leads provided are crap. 75% of them are either scammers or time wasters. the customer service team of check a trade are rude and not helpful. stay well away from them. 

this business gets 0 stars from me. ",Checkatrade,2026,Relevant,Service Provider / Business,Fake / invalid leads,,Fake / invalid leads,Medium,Ollama qwen3:4b-instruct + frozen V3 codebook + deterministic side check,ai_label_needs_audit,,,,,,
68c9775e5e3969cc945d876c,3,2025-09-16 16:42:38+00:00,My chief and only problem with it is that I could not find any way of attaching photos to a request for an estimate ,Checkatrade,2025,Relevant,Customer,Pricing / quote transparency,,Pricing / quote transparency,Low,Ollama qwen3:4b-instruct + frozen V3 codebook + deterministic side check,ai_label_needs_audit,,,,,,
6a71ee7e835fe9cd3739194c,1,2026-08-04 15:51:58+00:00,"Absolutely shocking experience with Checkatrade. This was my first and will definitely be my last time using their service.

I was overcharged for an EICR that should have cost around £120 locally, yet Checkatrade charged £165 for a job that failed within seconds of visual inspection alone due to an obvious lack of RCD protection. The engineer knew this immediately but still carried out a pointless inspection and behaved unprofessionally, including swearing on the phone. They also arrived one day early to the scheduleld time, causing inconvenience to everyone.

When I raised a complaint, Checkatrade denied all responsibility, refused to acknowledge the poor workmanship, ignored the trade’s behaviour, and processed payment without my consent. They also claimed they never received my original email, despite me getting no bounce‑back or delivery failure. No proper investigation was carried out, and no accountability was taken.

Their final response was dismissive, unhelpful, and completely unprofessional. I have lost all trust in this company and will be reporting the matter and clawing back the payment through my bank.

Avoid Checkatrade express service. Avoid at all costs.

Update on 7/8/2026

Checkatrade replied to my review claiming they wanted to resolve the issue, but the email address they gave me was wrong or non‑existent. This perfectly sums up my experience: public promises, zero actual help. I’m honestly speechless at how poorly this has been handled.",Checkatrade,2026,Relevant,Customer,Provider quality / no-show,,Provider quality / no-show,Medium,Ollama qwen3:4b-instruct + frozen V3 codebook + deterministic side check,ai_label_needs_audit,,,,,,
6a590f61977da75134483960,1,2026-07-16 19:05:37+00:00,"It is my right as a customer to express dissatisfaction with the service provided.

My concerns relate to the fixed-term contract, the manner in which the debt recovery process has been handled, the failure to achieve the agreed performance targets over several months, and the loyalty we demonstrated by continuing to make our monthly payments throughout the contract.

In addition, we were never proactively contacted to review the quality of the leads or discuss whether the service was meeting our expectations.

These are only some of the reasons for our concerns, and there are further issues that can be addressed if required.",Checkatrade,2026,Relevant,Customer,Dispute resolution / protection,,Dispute resolution / protection,Medium,Ollama qwen3:4b-instruct + frozen V3 codebook + deterministic side check,ai_label_needs_audit,,,,,,
6a2306acd7371c4eb1888d06,1,2026-06-05 19:26:04+00:00,"cowboy roofers , took our money but didnt do the job , our roof is still leaking , reached out to checkatrade and they keep going round and round in circles , taking weeks to even  come up with a resolution, please just give us our money back before i have to contact a lawyer",Checkatrade,2026,Relevant,Customer,Provider quality / no-show,,Provider quality / no-show,Medium,Ollama qwen3:4b-instruct + frozen V3 codebook + deterministic side check,ai_label_needs_audit,,,,,,
6a2c940fa799f1e4b0f61cd3,1,2026-06-13 01:19:43+00:00,"A total disgrace. I employed a company to do some work on my house based on Checkatrade reviews. The company was never a so called member of Checkatrade and none of the reviews were genuine. In spite of me calling Checkatrade  numerous times, nothing was done about it. And no doubt other people got ripped off like me. Checkatrade took  no responsibility. I am currently going through Trading Standards. I think they are a disgrace. ",Checkatrade,2026,Relevant,Customer,Provider verification / safety,,Provider verification / safety,Medium,Ollama qwen3:4b-instruct + frozen V3 codebook + deterministic side check,ai_label_needs_audit,,,,,,
6911d6ff2ab3f2af5f822d94,2,2025-11-10 14:13:52+00:00,"I found the app to be pretty much unusable. It is not easy to find traders other than those selected by CaT and impossible to find reviews.
I doubt I will use again, there are websites providing a simpler service 
",Checkatrade,2025,Relevant,Customer,Platform usability / technical issues,,Platform usability / technical issues,Medium,Ollama qwen3:4b-instruct + frozen V3 codebook + deterministic side check,ai_label_needs_audit,,,,,,
68ecc05e36a975e9510ceb2b,2,2025-10-13 11:03:26+00:00,"Although a list of local tradesman came up, I found Checkatrade hard to navigate and use.
It's not clear which traders have seen the job, who is interested, and who isn't, with some responding and some not, or ignoring the job altogether. Some of the traders use the app to make contact, some text, some phone and others use Whatsapp; it all becomes a bit of a muddle. There's no way of removing the ones that aren't interested or are too expensive, so they remain there in the mix.
If you want to amend the job or add more details, you can't, so you have to add the same, updated job description as a 'new' job, but you cannot delete the original one, so more confusion ensues. Also, the 'new' job gets sent again to all the traders you originally eliminated and the confusion escalates further.
I think that next time, I may use Checkatrade to obtain a list of potential local traders, but then manage the list and contact them myself directly, rather than use the app.",Checkatrade,2025,Relevant,Customer,Platform usability / technical issues,,Platform usability / technical issues,Medium,Ollama qwen3:4b-instruct + frozen V3 codebook + deterministic side check,ai_label_needs_audit,,,,,,
6a65beae007b572ba48f8130,1,2026-07-26 10:00:46+00:00,Ever since posting my phone has received a stream of spam calls. Think twice before posting as your data may not be secure.,Checkatrade,2026,Relevant,Service Provider / Business,Privacy / unwanted contact,,Privacy / unwanted contact,Medium,Ollama qwen3:4b-instruct + frozen V3 codebook + deterministic side check,ai_label_needs_audit,,,,,,
68ff546ef6f1ed9c737bcbd0,2,2025-10-27 13:15:58+00:00,So so and o posted a review for an excellent company but Checkatrade posted my pictures landscape & not portrait as they were originally taken. The pictures are basically useless in landscape mode and there’s no option for me or the business to edit the review & photos. I was told to delete the review and post another. Useless really.,Checkatrade,2025,Relevant,Customer,Review trust / moderation,,Review trust / moderation,Medium,Ollama qwen3:4b-instruct + frozen V3 codebook + deterministic side check,ai_label_needs_audit,,,,,,
697ca3ce1b6eed5a56725e87,3,2026-01-30 14:27:58+00:00,Did'nt find anyone. Used local Council approved traders list,Checkatrade,2026,Relevant,Customer,Finding a provider / low response,,Finding a provider / low response,Low,Ollama qwen3:4b-instruct + frozen V3 codebook + deterministic side check,ai_label_needs_audit,,,,,,
6875228af1fedb7c9274a96c,2,2025-07-14 17:30:18+00:00,"BEWARE
Task - Tile small entranceway and paint hall, stairs and gloss all woodwork and doors.
I had Marshall from DK Construction give me a quote which we negotiated. He started off well but started to flag and phone and say he couldn't come the next day but it would be the following day. The guy he had with him doing the painting was excellent. He ended they final day after grouting the floor which was covered with excess grout say leave it until tomorrow and mop the floor.
WELL it was stuck like concrete and I gave up after 4 attempts by hands and knees on floor. I rang him he did come back and adjusted some tiles but I still wasn't happy. He hadn't gone u der the toilet but round it and I was left with a half inch strip of sealant around the toilet.  He said he would come back on Saturday. He tang with an excuse saying he would come the following Wednesday he couldn't make it so he said the next Saturday and you've guessed it he couldn't make it he would be round on the Monday well I never even got an excuse. Hense no contact since then.
I have attached a Tew photos, this how I'm left.",Checkatrade,2025,Relevant,Customer,Provider quality / no-show,,Provider quality / no-show,Medium,Ollama qwen3:4b-instruct + frozen V3 codebook + deterministic side check,ai_label_needs_audit,,,,,,
6a50df6a0894d5ae0e4b51a4,1,2026-07-10 14:02:50+00:00,So I got a company to come and put a fence and gates up from checkatrade he took the £1750 and never came back I have put a complaint in with checkatrade all they are doing is protecting the company no help what so ever they wouldn't even let me speak to someone higher the advisors are bitchy and no help what so ever there worse than the trade they are suppose to vet them that they are proper trade people they rip people off cow boys DO NOT get anyone from checkatrade you will get ripped off there vetting system is 10 questions on a questionnaire for them to get verified absolutely a joke the company was called enterprise driveway and landscaping  so do not use these they will take your money I got a invoice with a false address of the company and checkatrade are protecting them even though I have got alot of proof screenshot of messages we got the email to say we don't qualify for the £1000 what you advertise saying not enough evidence i mean how much more evidence do u need u had bank statements text messages invoice  pictures videos u even wouldn't give us the address for trading standards checkatrade are as bad as the cow boys who stole our money it's a lie do not fall for it I don't think they have ever gave the £1000 out they advertise that do not get any trades person off checkatrade because if u have a problem like we did u won't get your money back cow boys ,Checkatrade,2026,Relevant,Customer,Provider verification / safety,,Provider verification / safety,Medium,Ollama qwen3:4b-instruct + frozen V3 codebook + deterministic side check,ai_label_needs_audit,,,,,,
6a535b402e002205de0821c5,3,2026-07-12 11:15:44+00:00,"Not as easy as expected, many traders do not reply, or seemed to be interested but then ghosted. One came to visit which I had to spend 1.5hours to the property to meet, he said the next day would give me a quote, eventually disappeared. One called and said would come by 5pm then calling at 1pm said they cannot do it. 
The chat makes it hard to navigate because you cannot delete those trader who does not reply. Ending up you have 20conversations, none of them works. ",Checkatrade,2026,Relevant,Customer,Provider quality / no-show,,Provider quality / no-show,Medium,Ollama qwen3:4b-instruct + frozen V3 codebook + deterministic side check,ai_label_needs_audit,,,,,,
6a315d400210454e6efed983,1,2026-06-16 16:27:13+00:00,"We spend many thousands of pounds with Checkatrade yearly and unfortunately our experience has become increasingly disappointing.

Our account seems to be changed regularly without proper discussion, and despite a significant drop in lead volume (around 23%), we are repeatedly told that everything is performing well. Whenever results decline, the answer appears to be to spend more money. When we increase our spend, performance may improve for a short period before dropping off again, followed by another recommendation to increase our budget.

It increasingly feels as though success on the platform is determined by who spends the most money rather than who is the best and most suitable tradesperson for the job.

Trying to get support has also become frustrating. Before speaking to an actual person, we had to navigate an AI answering service that wasn’t configured correctly. When we finally spoke to an advisor, they appeared unfamiliar with key aspects of our account and were unaware that parts of our package appeared to be conflicting with each other.

After raising a formal complaint, we were promised a callback within 24 hours. Unsurprisingly, no one contacted us.

One of the biggest losses has been the removal of dedicated account managers for larger spending accounts. Previously, there was someone who understood our business and could proactively help. Now it feels like managing a Checkatrade account is almost a full-time job in itself.

Checkatrade was once about helping customers find reputable, trustworthy tradespeople. Sadly, from our experience today, it feels far more focused on advertising spend than matching customers with the right contractor.

Based on our experience, we would not recommend tradespeople rely heavily on this service and are actively considering moving our business elsewhere.",Checkatrade,2026,Relevant,Service Provider / Business,Misleading claims / transparency,Customer support,Misleading claims / transparency | Customer support,Medium,Ollama qwen3:4b-instruct + frozen V3 codebook + deterministic side check,ai_label_needs_audit,,,,,,
69d8f26356c28d287be31beb,2,2026-04-10 14:51:47+00:00,"I've used Checkatrade before and had good experiences (hence, the 2 stars instead of 1), so I'm leaving this review only to warn others that a ""Verified Tradesperson"" profile does not guarantee that someone is genuine.

I needed an urgent repair done within 48 hours, and this person was the only one who said he could do it in time. He asked for a deposit for materials, which I reluctantly paid because his profile showed ""Address Checked"" and ""Identity Checked,"" and he had a few reviews and photos of previous work. He never showed up, stopped responding to calls and messages, and the profile was then cancelled. When I reached out to Checkatrade, they told me to report it through their online system, and that it would take up to two working days to hear back from them.

I'm now left with broken floor joists in urgent need of repair, less money, and less time to find someone else. ""Verified Tradesperson"" clearly does not mean scam-proof.",Checkatrade,2026,Relevant,Customer,Provider verification / safety,,Provider verification / safety,Medium,Ollama qwen3:4b-instruct + frozen V3 codebook + deterministic side check,ai_label_needs_audit,,,,,,
6a3e4a13ee191653ba0bc594,3,2026-06-26 11:44:51+00:00,I dont like the fact you can't browse registered traders and end up with unverified unchecked traders who are of no interest because their standards are poor ,Checkatrade,2026,Relevant,Customer,Provider verification / safety,,Provider verification / safety,Medium,Ollama qwen3:4b-instruct + frozen V3 codebook + deterministic side check,ai_label_needs_audit,,,,,,
69e119bf2bd9ab2f23cb016a,2,2026-04-16 19:17:51+00:00,"Your customer service misled me into registering. Despite asking several times if you provides direct clients, I was never informed that you do not provide direct clients and only offer leads. It became clear that the focus was on your own benefit rather than being transparent with me. ",Checkatrade,2026,Relevant,Customer,Misleading claims / transparency,,Misleading claims / transparency,Medium,Ollama qwen3:4b-instruct + frozen V3 codebook + deterministic side check,ai_label_needs_audit,,,,,,
65a66428b65a2b0267f65ebe,3,2024-01-16 13:10:32+00:00,"I’ve only been on yell for a week was told that I’d get continued support but haven’t heard anything from them, I’m paying £135 per month to be on the top spot but I have only had a single phone call from customers, great idea but not enough support",Yell,2024,Relevant,Service Provider / Business,Customer support,,Customer support,Medium,Ollama qwen3:4b-instruct + frozen V3 codebook + deterministic side check,ai_label_needs_audit,,,,,,
69cb9331461f8edce59da4f1,1,2026-03-31 11:26:09+00:00,"Awful experience, customer service is rubbish, service is rubbish! Waste of £3,800 now I am finally cancelling and want to add my domain name to ENOM I keep getting promised call backs that never happen! Do not trust this company!",Yell,2026,Relevant,Customer,Customer support,,Customer support,Medium,Ollama qwen3:4b-instruct + frozen V3 codebook + deterministic side check,ai_label_needs_audit,,,,,,
6a0727a1f288784902048cb4,1,2026-05-15 16:03:14+00:00,"poor customer service, password reset does not work and we never received an email with reset link. chatbot and people on the chat are useless. ",Yell,2026,Relevant,Customer,Customer support,,Customer support,Medium,Ollama qwen3:4b-instruct + frozen V3 codebook + deterministic side check,ai_label_needs_audit,,,,,,
691c74ad22b810fdff6389ba,1,2025-11-18 15:29:17+00:00,"I'm paying £300 a month for a advertising service, but have only received one lead in three months. 

That works out at £900 per lead......not great.",Yell,2025,Relevant,Service Provider / Business,Poor ROI / expensive leads,,Poor ROI / expensive leads,Medium,Ollama qwen3:4b-instruct + frozen V3 codebook + deterministic side check,ai_label_needs_audit,,,,,,
673f7943c8d9bb4a91668da2,2,2024-11-21 20:17:39+00:00,"I have had an account with yell for 5 years which also includes email addresses. within the last 3 weeks 4 times i have had no access which lasts a couple of days at a time which means no access to clients. 
contacted customer service and was told they know theres a problem and they are working hard to resolve it. ",Yell,2024,Relevant,Customer,Account access / cancellation,,Account access / cancellation,Medium,Ollama qwen3:4b-instruct + frozen V3 codebook + deterministic side check,ai_label_needs_audit,,,,,,
6a6b457eeafd720b5e45bb4c,1,2026-07-30 14:37:18+00:00,Company just takes takes … never actually solves the problem! Don’t advertise with them a waste of time. 6k in and not a single job,Yell,2026,Relevant,Service Provider / Business,Poor ROI / expensive leads,,Poor ROI / expensive leads,Medium,Ollama qwen3:4b-instruct + frozen V3 codebook + deterministic side check,ai_label_needs_audit,,,,,,
69d62aa43aad79ef9e0ef4dc,1,2026-04-08 12:15:00+00:00,"I started working with Yell in 2024 when my business was still fairly new. After a few months I upgraded to a better plan to try and increase the impact of my advertising. After speaking with my advisor at the time and making clear that I didn't want to enter into any long term commiments so I could still be flexible with my business, I was told that that play I was looking at, was a 6 month program. I accepted the offer and started on the new program. After a few months, I started using a new company for facebook advertising, which has provided me with a massive increase in the potency of our advertising. After discussing with the new company, I agreed to move my website and google pages over to them so everything linked together. When this was decided, I called Yell to inform them that I would be cancelling my plan, to which I was told that it was a 12 month term and not a 6 month term. The account is now being investigated by their internal team, and I have refused to make any further payments until the situation is resolved. In response, Yell have suspended all of my advertising, including my website, meaning that my customers have no way of seeing our website. 
Yell are clearly only focused on getting you to spend as much money with them as possible, and will constantly talk about increasing your plan, to the point of harrasment. If you're looking to use them, save yourself the trouble and don't bother. I wish I hadn't. ",Yell,2026,Relevant,Service Provider / Business,Sales pressure / contract terms,Billing / refunds,Sales pressure / contract terms | Billing / refunds,Medium,Ollama qwen3:4b-instruct + frozen V3 codebook + deterministic side check,ai_label_needs_audit,,,,,,
6817987913c712d0220b2708,3,2025-05-04 18:40:25+00:00,"I was contacted by yell and have been dealing with John M nice man seemed to know his stuff decided to bite the bullet... £62 per month not bad for listing and advertising however 0 Enquiries, making the cost effectiveness of this venture very expensive I would now need at least 4 client to break even and each month just adds to it... sadly at this point not impressed with the results.",Yell,2025,Relevant,Service Provider / Business,Poor ROI / expensive leads,,Poor ROI / expensive leads,Medium,Ollama qwen3:4b-instruct + frozen V3 codebook + deterministic side check,ai_label_needs_audit,,,,,,
694ab72ebc45ac778df35d45,1,2025-12-23 17:37:18+00:00,Horrendous experience with yell.com they took my money. They offered me an amazing or so it seemed package only to put an old tracking number from Parker’s car parts on it. It was 11 months before I realised why my wife was getting calls for Parker’s. They also put her private number down instead of the work number we use. The only offering for this absolute nightmare was 50% off my final bill. A total of £2856 i spent with them for no return at all because of the number being wrong. THEY DON’T CARE THEY JUST WANT YOUR MONEY. ,Yell,2025,Relevant,Service Provider / Business,Fake / invalid leads,,Fake / invalid leads,Medium,Ollama qwen3:4b-instruct + frozen V3 codebook + deterministic side check,ai_label_needs_audit,,,,,,
661e5cc7e99915a0fd181a9d,2,2024-04-16 13:11:04+00:00,"Not very easy to communicate with this company. Once they sign you up and take your subscription payment, They put up their auto reply wall.  Support staff are good once you get through to them. However does not make up for fact that it does not communicate well with its paying customers. Does not explain well what product you are signing up ",Yell,2024,Relevant,Customer,Privacy / unwanted contact,,Privacy / unwanted contact,Medium,Ollama qwen3:4b-instruct + frozen V3 codebook + deterministic side check,ai_label_needs_audit,,,,,,
67740135303abe65f4931c53,3,2024-12-31 16:35:33+00:00,Too many errors and little notice taken of what we had asked for.,Yell,2024,Relevant,Service Provider / Business,Poor lead quality,,Poor lead quality,Medium,Ollama qwen3:4b-instruct + frozen V3 codebook + deterministic side check,ai_label_needs_audit,,,,,,
6a295fa21b5fcfd1066bb73f,1,2026-06-10 14:59:14+00:00,"You contacted us and explained you could help our company, made lots of empty promises about how you can help getting us extra leads, give us an amazing website, get us showing in other area on google, got us to sign a contract for £300 a month so far it’s been 4 months and no new leads, we’re not showing on google apart from the area we were already showing in.
We raised our concerns on more than one occasion and are told it takes time, we arrange appointments with you and when raising our concerns get talked over by your sales people who are clearly reading off of a carefully crafted answer sheet as it’s always the same answers when we asked questions.
Also told every time we’ve signed a 12 month contract and that’s that unless we wanted to expand our package and pay more money.
This has now become a situation where we pay for this service out of other jobs that don’t come from this advertising.
Would strongly recommend anyone reading this review to seek advertising with a platform that actually cares about your business and not about trying to cash in on your business like yell do, clearly don’t care about anything other than tying you into a contract so they can take money without providing any business or new leads to your company.
Complete scam ",Yell,2026,Relevant,Service Provider / Business,Poor ROI / expensive leads,Sales pressure / contract terms,Poor ROI / expensive leads | Sales pressure / contract terms,Medium,Ollama qwen3:4b-instruct + frozen V3 codebook + deterministic side check,ai_label_needs_audit,,,,,,
66bbd461a1ebbbb134e55a1b,2,2024-08-13 23:47:14+00:00,"Initially i was told so many benefits if i buy Yell product. Then long delays, now no one is there to support me. I am so so unhappy. Who shall i contact to ask any question? i have been left in the middle.
Honestly i need to speak to someone in Yell to report.
This is like a promise for lots but none completed. 
So many little mistakes which i told initially to correct still not been done. So annoyed ",Yell,2024,Relevant,Customer,Customer support,,Customer support,Medium,Ollama qwen3:4b-instruct + frozen V3 codebook + deterministic side check,ai_label_needs_audit,,,,,,
6a3c0f6cb86b76b94a9b63e9,1,2026-06-24 19:10:04+00:00,"Absolutely shocking customer service ! Lost the landline number I was assigned which was an absolute nightmare to sort out. Yell didn’t seem to care or understand how much they messed up. Feel like I’ve been conned into another 12 month package and don’t seem to get any phone calls or genuine leads, absolute rip off ! Not had any contact from them whatsoever since which was over 3 months ago, just take my money but never check in. Can’t wait until this contract is up so I can cancel everything and move my business as far away from Yell as possible. Avoid at all costs ! ",Yell,2026,Relevant,Service Provider / Business,Customer support,,Customer support,Medium,Ollama qwen3:4b-instruct + frozen V3 codebook + deterministic side check,ai_label_needs_audit,,,,,,
6a0f272760102723b675c5a3,1,2026-05-21 17:39:19+00:00,"Disappointing experience – ghosted after three long consultations
​I approached Yell to help streamline our website and manage our advertising. I had three separate, lengthy phone calls with a representative named Matthew, during which we thoroughly discussed our requirements and agreed on a strategy to rebuild our site and launch a campaign.
​Matthew was incredibly eager to secure our business that same day. He initially quoted a rolling monthly price that was slightly over our budget. He then asked if we would be willing to commit to a 12-month contract if he could secure a discount. We agreed, stating that if he could bring the cost down to our budget, we would sign up immediately. Matthew said he needed to get authorisation from his supervisor and promised to call us back by the end of the day.
​That was a week ago, and we have heard absolutely nothing from Matthew or anyone else at Yell.
​This is incredibly poor customer service. We wasted hours explaining our business needs and planning a strategy, only to be completely ghosted. I am very disappointed and certainly would not recommend Yell to any business looking for a reliable partner.",Yell,2026,Relevant,Service Provider / Business,Unresponsive leads,,Unresponsive leads,Medium,Ollama qwen3:4b-instruct + frozen V3 codebook + deterministic side check,ai_label_needs_audit,,,,,,
6a6a4cbf5b644b25151e0c51,1,2026-07-29 20:55:59+00:00,I registered for a business profile and wish I hadn’t bothered. I have never dealt with a company with such aggressive sales tactics in all my life. 8 missed calls and one email over the course of a day. Kept me on the phone for 15 minutes without even getting to the point of what they were trying to flog me. I’ve deleted my business profile as a result. Ridiculous.,Yell,2026,Relevant,Service Provider / Business,Sales pressure / contract terms,,Sales pressure / contract terms,Medium,Ollama qwen3:4b-instruct + frozen V3 codebook + deterministic side check,ai_label_needs_audit,,,,,,
66846ddd426b7ee8a306733c,2,2024-07-02 23:15:09+00:00,"It’s good the app is not to hard to use. As I’m not tech wise! Hence the sale was made by the support of all this which they would do… but actually I feel I’ve done all the work and yell should be paying me per click!! 
But I do feel like every company when your a new one that it’s jump in for the kill with a huge direct debit and false promises. I didn’t get no help or support it took weeks to get an induction. A I’ve found it’s not gave us any added business for the monthly out lay it is. Do I feel the year subscription was worth it! Nope",Yell,2024,Relevant,Service Provider / Business,Poor ROI / expensive leads,,Poor ROI / expensive leads,Medium,Ollama qwen3:4b-instruct + frozen V3 codebook + deterministic side check,ai_label_needs_audit,,,,,,
65f07b666211b9a0d9545933,3,2024-03-12 17:57:27+00:00,"My three-month experience with Yell Business has been incredibly disappointing. Despite promising increased traffic through Google ads and their platform, the reality fell short. As the owner of Speed Booking UK, which has flourished via Instagram and Facebook ads, I expected better results. Yell's website design was subpar even after multiple revisions, and the traffic I received was mostly spam calls and texts. Attempting to cancel my £360/month subscription proved futile, as I'm locked into a 12-month contract and faced threats of debt collectors. I urge potential Yell Business customers to explore alternatives like Google, Instagram, or Facebook ads. 

My client manager at Yell has been exceptionally supportive, and everyone I've interacted with has been understanding and helpful given my current circumstances. I have no complaints about any individual on the team. However, my main concern lies with the overall business practices. Entering into a 12-month contract without guaranteeing the expected results for the majority of customers feels unethical.

I'm still seeking to cancel my subscription, but doubt Yell's willingness to prioritize customer satisfaction over profit.

*Updated Review as of 15/09/2025*
Quick update – someone from the Yell team got in touch regarding my issue with the monthly subscription, and they were actually able to switch my package over to Google Ads instead of just promoting on Yell. Once they did that, I started seeing more clicks and better interaction with my business.

To be honest, I think Yell’s business model is focused way too much on pushing you to advertise on their own platform, even though barely anyone actually uses Yell to search for services anymore — most people just Google it. So the fact they prioritise their own listings over running proper Google Ads for you is a bit frustrating.

That said, the person I spoke to was helpful, and after switching to the Google Ads option, I did get better results. I ended up staying on for another 3–4 months before cancelling, which I did straight away once the term ended.

If you’re considering Yell, I’d definitely recommend pushing for the Google Ads package, not just their own platform listings. The listings are technically free, but honestly, the leads you get are low quality and not worth much. Get them to advertise your business on Google — that’s the only way you’ll see real value.

I’ve changed my review from 1 star to 3 stars because they eventually sorted the issue, but I still feel the service overall wasn’t worth the money I was paying.",Yell,2024,Relevant,Service Provider / Business,Poor ROI / expensive leads,Misleading claims / transparency,Poor ROI / expensive leads | Misleading claims / transparency,Medium,Ollama qwen3:4b-instruct + frozen V3 codebook + deterministic side check,ai_label_needs_audit,,,,,,
69b7f3a00e374c431e107902,2,2026-03-16 14:12:16+00:00,"Contact yell to advertise are business to push new business .They did do the advert and built a site for us but communication is poor , don't answer emails .Web site person couldn't answer why element of the contact page won't work they just went silent.Was charged for the web site before even built ,complained but know answer ",Yell,2026,Relevant,Service Provider / Business,Fake / invalid leads,Billing / refunds,Fake / invalid leads | Billing / refunds,Medium,Ollama qwen3:4b-instruct + frozen V3 codebook + deterministic side check,ai_label_needs_audit,,,,,,
6a60afd561ac6707a67825a6,1,2026-07-22 13:56:05+00:00,"The whole experience felt like a scam call from an up and coming marketing firm trying to convince me to buy their service. The service offered wasn't great, heavy use of AI and everything about the experience and interaction was full of red flags. The 'show you what the customer sees' section of the call was misrepresentative of the truth and did not match up with an independent check of where the site ranks and what shows up in organic searches. I used to hold Yell and Yellow Pages in high esteem and trusted their brand. This experience destroyed al the trust I had in the brand and I don't think I would ever trust them again. I was really disappointed.",Yell,2026,Relevant,Service Provider / Business,Misleading claims / transparency,,Misleading claims / transparency,Medium,Ollama qwen3:4b-instruct + frozen V3 codebook + deterministic side check,ai_label_needs_audit,,,,,,
6943f4051413bfab06a91df2,1,2025-12-18 14:31:01+00:00,"Yell.com are scammers don't be fooled by the name. They stole £3.8k from me for nothing , no jobs, very little leads, job portal not 1 person contacted me back. Keep your money and don't enter a contract with Yell.com. G&M Electrics Ltd, feel free to contact me.",Yell,2025,Relevant,Service Provider / Business,Fake / invalid leads,,Fake / invalid leads,Medium,Ollama qwen3:4b-instruct + frozen V3 codebook + deterministic side check,ai_label_needs_audit,,,,,,
6967abfb01c4dd6ff9575a93,1,2026-01-14 16:45:15+00:00,"Took over website and said they would improve / promote it
Charged lots of money
Decided I needed a new website
New website was worst than original 
Cost lots and got nothing avoid",Yell,2026,Relevant,Customer,Pricing / quote transparency,,Pricing / quote transparency,Medium,Ollama qwen3:4b-instruct + frozen V3 codebook + deterministic side check,ai_label_needs_audit,,,,,,
6a7611239bb715abf1505e11,1,2026-08-07 19:08:51+00:00,Still waiting for you to correct all the problems with my website and one of your managers promised to call me back on the day of my last phone call and hasn’t. Unfortunately I’m stuck in a 12 month contract with you otherwise i would have left. Save your money and go to a competent company if you are building a website for your business as yell will cause you stress and problems. TERRIBLE SERVICE AND CUSTOMER CARE!!!,Yell,2026,Relevant,Service Provider / Business,Customer support,,Customer support,Medium,Ollama qwen3:4b-instruct + frozen V3 codebook + deterministic side check,ai_label_needs_audit,,,,,,
69049cb40df7b61262f2bcd3,1,2025-10-31 13:25:40+00:00,"We were with them for a year and saw no increase in business as a result of paid ads, campaigns etc.
Only upside is we have a better, more-functional website now but this could have been designed for cheaper elsewhere considering the total investment made.",Yell,2025,Relevant,Service Provider / Business,Poor ROI / expensive leads,,Poor ROI / expensive leads,Medium,Ollama qwen3:4b-instruct + frozen V3 codebook + deterministic side check,ai_label_needs_audit,,,,,,
6a4bbbfa7b8f76efc9a4d711,1,2026-07-06 16:30:18+00:00,"I've been with yell on an accelerate plan for 7 months i was on tier 1 to begin with, then bumped it up to tier 3 for 3 months to trial it

Tier one was poor a few leads, lots of tyre kickers, once I bumped it up to tier 3, considering it virtually doubled in price, I didn't get double the leads. 

On paper my campaigns were phenomenal in practicality they were abysmal. 

I was originally sold this on the premise that I have someone actively working on my website constantly. It wasn't. 

They reel you in showing all these impressive stats and graphs showing how poor your current website is and how much better it will be with YELL. Its not!

My previous website and ad campaign out preformed everything that they have done at a fraction of the cost.

7 months in and I'm still tied down to a contract with them for 5 more months but I've had to take back control of my ad campaigns myself and have even gone back to using my old website 

The ONLY benefit I've had from this is I've been able to reclaim the VAT

I urge anyone who is contemplating using YELL to manage your ads/website yourself or use someone else 

They're just snakeoil salesmen ",Yell,2026,Relevant,Service Provider / Business,Poor ROI / expensive leads,Sales pressure / contract terms,Poor ROI / expensive leads | Sales pressure / contract terms,Medium,Ollama qwen3:4b-instruct + frozen V3 codebook + deterministic side check,ai_label_needs_audit,,,,,,
6691303fc6e4a85b3c4dd2ea,1,2024-07-12 15:31:43+00:00,"Il prezzo a mio parere è un po' esoso e non spenderei di nuovo questi soldi. Nessuno di adatto a me e penso di non aver chiesto la luna, alcune  persone proposte erano di fuori regione o provincia o comunque molto distanti. Altre persone non coincideva l età. La data è solo indicativa. Ovviamente parlo solo dell' agenzia nella mia città credo forse abbia più sedi.",Yelp,2024,Relevant,Customer,Poor matching / location,,Poor matching / location,Medium,Ollama qwen3:4b-instruct + frozen V3 codebook + deterministic side check,ai_label_needs_audit,,,,,,
6a236aa63dcfc463c98b0a61,1,2026-06-06 02:32:38+00:00,"Yelp is a quid pro quo organization.  If you don't know what that means, try pay-to-play. I was an early believer in Yelp when they were operating out of a house.  They could care less about people anymore, specifically Americans with Disabilities.  I wrote a 1* review about ""Appliance Repair Expert"" that they don't have a way to communicate with the deaf or mute. I'm a legitimate Yelper with 176 reviews.  It would be nice to post the texts this guy sent.  You would be shocked.  Meh.  I'll let my attorneys sort this out. ",Yelp,2026,Relevant,Customer,Review trust / moderation,,Review trust / moderation,Medium,Ollama qwen3:4b-instruct + frozen V3 codebook + deterministic side check,ai_label_needs_audit,,,,,,
69e2579813af4f8cf832e6ba,1,2026-04-17 17:54:00+00:00,Yelp listed a negative review on my business that was inaccurate and fraudulent. I reported the review and Yelp did nothing! I then had other verified customers of my business log reviews on Yelp and they denied all of them! They are listed as NOT RECOMMENDED! I called Yelp several times to remedy this issue and they kept saying it is how we operate! YELP is a BULLY! They Bully small businesses like mine and provide no solutions to their deficiencies. DO NOT USE THIS PLATFORM!,Yelp,2026,Relevant,Service Provider / Business,Review trust / moderation,,Review trust / moderation,Medium,Ollama qwen3:4b-instruct + frozen V3 codebook + deterministic side check,ai_label_needs_audit,,,,,,
6a04f4ff1e11db00376de395,1,2026-05-14 00:02:39+00:00,Rimuovono le recensioni dei clienti senza motivo dicendo che non sono raccomandate sulla base di non si sa che cosa. Impossibile fare business su yelp,Yelp,2026,Relevant,Service Provider / Business,Review trust / moderation,,Review trust / moderation,Medium,Ollama qwen3:4b-instruct + frozen V3 codebook + deterministic side check,ai_label_needs_audit,,,,,,
69bf4f461c4a23e994367396,1,2026-03-22 04:09:10+00:00,"Those are scammers 
they make the leads themself 
you will never get a hold of that client ",Yelp,2026,Relevant,Service Provider / Business,Fake / invalid leads,,Fake / invalid leads,Medium,Ollama qwen3:4b-instruct + frozen V3 codebook + deterministic side check,ai_label_needs_audit,,,,,,
69a04b3247ac717290123dbe,1,2026-02-26 15:31:30+00:00,Nutzen einfach Adressen ohne Erlaubnis für Einträge in Ihrem Bewertungsportal. ,Yelp,2026,Relevant,Service Provider / Business,Fake / invalid leads,,Fake / invalid leads,Medium,Ollama qwen3:4b-instruct + frozen V3 codebook + deterministic side check,ai_label_needs_audit,,,,,,
6a25bd0086d63ccbff11ac63,1,2026-06-07 20:48:32+00:00,"I listed my small business on Yelp thinking it would be a helpful free tool, but it has turned into a nightmare. Ever since signing up, I get bombarded with aggressive sales calls and spam emails pushing me to buy overpriced ad credits. Even worse, I tried a 'free trial' for ads and canceled it within 3 days, but they still managed to hit my credit card with unexpected fees. When you try to reach customer service to resolve billing issues, they are dismissive and incredibly rude. Total waste of time and money for small business owners.",Yelp,2026,Relevant,Service Provider / Business,Sales pressure / contract terms,Billing / refunds,Sales pressure / contract terms | Billing / refunds,Medium,Ollama qwen3:4b-instruct + frozen V3 codebook + deterministic side check,ai_label_needs_audit,,,,,,
6a62296a45c76542c6b7353e,1,2026-07-23 16:47:06+00:00,"I’ve had a frustrating experience every time dealing with Yelp’s sales and support teams.
First, I was told during sign-up that I would not be charged for 4 months, but I was billed over $1,200 after 2 months. When I contacted support to resolve the issue, the charge was ultimately denied and never corrected. I was told I had to speak with the person that signed me up and they could not be reached.
After paying this amount, my search results and visibility were still very poor, which made the situation even more disappointing.
Separately from the billing issue, the sales outreach has also been difficult to deal with. Representatives frequently schedule appointments or calls at times when my business is closed on purpose. Emails and follow-ups often go unanswered, and returning calls can take a long time. After waiting for over an hour they will answer the phone and hang up on you in a second or the line will simply drop.
When you do reach someone, you may be transferred between multiple people who say they cannot help. Fixing a duplicate account took several inquiries. Some conversations have felt more argumentative than helpful, and overall it has been a very time-consuming process.
I also do not like the basis of the business model. It feels like businesses are given pages with incomplete or missing information and then pressured to pay in order to make the listing look decent or function properly. The ad program that was supposed to be free had zero real life sale conversions.
Businesses rely on clear communication, accurate billing information, and responsive support. Based on my experience, Yelp needs significant improvement in these areas.",Yelp,2026,Relevant,Service Provider / Business,Billing / refunds,Customer support,Billing / refunds | Customer support,Medium,Ollama qwen3:4b-instruct + frozen V3 codebook + deterministic side check,ai_label_needs_audit,,,,,,
69c15d2aaec59ff48a175c34,1,2026-03-23 17:32:58+00:00,"Stanly Steamer was absolutely horrible. They didn't get stains out. While polishing my wood floors they sprayed the chemicals unto the walls.  And after I gave permission to one of the workers to use my bathroom, instead of removing a mirror that was in the way he got pee all over the wall, floor and toilet.",Yelp,2026,Relevant,Customer,Provider quality / no-show,,Provider quality / no-show,Medium,Ollama qwen3:4b-instruct + frozen V3 codebook + deterministic side check,ai_label_needs_audit,,,,,,
69ca9d884e81f206823f8c42,1,2026-03-30 17:58:00+00:00,"
Bewertung: ⭐ (0/5 Sterne, wenn es ginge)
Ich bin fassungslos, was für ein Schrott hier abgeliefert wird. Ich wollte mich lediglich anmelden, und was passiert? Yelp dichtet mir einfach eine völlig fremde E-Mail-Adresse an, die ich nie angegeben habe! Das ist nicht nur technisch unfähig, das ist bei einem so großen Unternehmen ein absolutes Datenschutz-Debakel. Wer weiß eigentlich, was die sonst noch mit meinen Daten treiben oder wem sie meine Infos zuordnen?!
Fehlerkorrektur? Fehlanzeige. Man wird in einer Endlosschleife gefangen gehalten. Und der Support ist eine absolute Unverschämtheit – man wird mit dämlichen Standardfloskeln abgespeist, während das eigentliche Problem ignoriert wird. Das ist kein Kundenservice, das ist reine Schikane und bodenlose Inkompetenz.
Spart euch jede Sekunde mit diesem Verein. Hier wird wertvolle Lebenszeit verschwendet und man muss sich um seine Daten sorgen. Nie wieder!",Yelp,2026,Relevant,Customer,Privacy / unwanted contact,,Privacy / unwanted contact,Medium,Ollama qwen3:4b-instruct + frozen V3 codebook + deterministic side check,ai_label_needs_audit,,,,,,
69b4c33eba4d93e6a1b729ea,1,2026-03-14 04:09:02+00:00,"Yelp is your typical big internet business.  Unresponsive, don't care, they have their one-size-fits-all policies, can't resolve any problems, and just leave you feeling like you've just got f..ked.  I paid them a lot of money and got screwed.  They are the same as ALL the other companies, don't trust them, don't pay them.   They may help out homeowners, but they screw contractors, and you'll likely get NOTHING out of it.",Yelp,2026,Relevant,Customer,Customer support,,Customer support,Medium,Ollama qwen3:4b-instruct + frozen V3 codebook + deterministic side check,ai_label_needs_audit,,,,,,
69efa325e6e585aecdf7612c,1,2026-04-27 19:55:49+00:00,"In the four pages of small print I had to sign was the wording, ""If you fail to make any scheduled payment on time... the 'Same as Cash' Option ends. Interest will then be assessed... from the actual completion date and the 'Same as Cash' Period will not be interest free."" (Although that never hit my radar as a potential problem until it was too late.)

And although that seems mostly reasonable, what it means in effect is that if someone is late by just a day or two on one payment for any reason, that that the entire Free interest provision in the contract is void.  

In the spirit of agreement, I don't believe the $1200 they made me pay in interest (for just six months) was justified.  I talked to the rep when the problem occurred, and they didn't sound like there was any problem.  They simply put the payment through again and it cleared.  Also, I ended up paying the entire amount due well within the one-year deadline! (I think I paid it off in just six or seven months.)

So, even if Bath Fitters (and their sheisty credit company) is technically within their rights making me pay all that interest, it sure doesn't seem justified to me.

BTW: Another misleading (Fraudulent?)  claim they make is that the work will be done in ""Just one day!""  When I asked the contractor why it was taking two full days, he said that it almost always does!  ",Yelp,2026,Relevant,Service Provider / Business,Misleading claims / transparency,,Misleading claims / transparency,Medium,Ollama qwen3:4b-instruct + frozen V3 codebook + deterministic side check,ai_label_needs_audit,,,,,,
69f7f972008ff166ff4f0b8f,1,2026-05-04 03:42:10+00:00,"WOW, same as what others are saying on the other Trustpilot reviews about Yelp. You can't even give Yelp a review on Google for some reason.  We had just started with them.  Gotten a customer from our page, did the work, the customer was highly satisfied and wrote a great review. One day later they took it down!  Totally unacceptable as we live in a society where people deserve to know how you are as a business and we are very thankful when our customers take the time to share their experience so others can see. I have the text conversations with Yelp asking about how they removed the review.  They blame it on the software that governs their review system process and they refuse to reinstate the valid, true, real customer review!  Its crazy because its bad for their business and ours too, makes no sense, DO NOT recommend using YELP. There is nowhere to post it here but I have a picture I took of the review because we were excited as it was our first since paying for Yelp's service, so I have that too if you need to see it.",Yelp,2026,Relevant,Service Provider / Business,Review trust / moderation,,Review trust / moderation,Medium,Ollama qwen3:4b-instruct + frozen V3 codebook + deterministic side check,ai_label_needs_audit,,,,,,
6a2898ef1ed93e0de2f864f0,1,2026-06-10 00:51:27+00:00,I have total proof that Yelp works under the table with businesses and takes down negative reviews iff paid so therefore this is a misleading company that takes bribes and gets paid to remove negative reviews from businesses. I have proof recording and state Detective and a private investigator. lawsuit soon to come out against Yelp. Yelp is nothing but a scam that takes money from businesses that pay them well.,Yelp,2026,Relevant,Service Provider / Business,Review trust / moderation,,Review trust / moderation,Medium,Ollama qwen3:4b-instruct + frozen V3 codebook + deterministic side check,ai_label_needs_audit,,,,,,
6a34c646524dce95ccfe59e4,1,2026-06-19 06:32:06+00:00,Yelp's signup process sucks. They wasted 20 minutes of my time trying to figure out that I'm not a robot. i'm pretty sure the reviewer was a robot because it was an idiot,Yelp,2026,Relevant,Customer,Platform usability / technical issues,,Platform usability / technical issues,Medium,Ollama qwen3:4b-instruct + frozen V3 codebook + deterministic side check,ai_label_needs_audit,,,,,,
6a74f0de17556356a660f607,1,2026-08-06 22:38:54+00:00,"I was a loyal client for 3 years.  They implemented a cancellation fee of 50% of the service you were to have.  I called 1 hour past the 24 hours and explained the cancellation was due to a family emergency.  Guess what, they tried to charge my debit card (luckily it was locked) and said they no longer wanted my business.  Harsh, thoughtless, money hungry.",Yelp,2026,Relevant,Customer,Customer support,,Customer support,Medium,Ollama qwen3:4b-instruct + frozen V3 codebook + deterministic side check,ai_label_needs_audit,,,,,,
69c42cbeda78fd4f00af20de,1,2026-03-25 20:43:10+00:00,"I tried to advertise on Yelp and they gave me 300$ in credit.  I had 3 ""suggestions"" for different customers that were 10 hrs to 4 days old and I noticed my ""credits' were down to $105.    that's 65$ per lead  so if I do a car lockout for 75  they take 65 of it!!!  seems more like a Scam!! I ended my Free ads before they could get into my bank account !!  There is a reason companies don't allow reviews on their site!! ",Yelp,2026,Relevant,Service Provider / Business,Poor ROI / expensive leads,,Poor ROI / expensive leads,Medium,Ollama qwen3:4b-instruct + frozen V3 codebook + deterministic side check,ai_label_needs_audit,,,,,,
6a0dfd3c5311f6f3c2804fb2,1,2026-05-20 20:28:12+00:00,"Constantly trying to charge for this and that, things as simple as logos are behind a paywall. Then, there is people calling me from yelp asking for me to pay 15 dollars a day so I can help my kids and this and that.. Evil company.",Yelp,2026,Relevant,Service Provider / Business,Sales pressure / contract terms,,Sales pressure / contract terms,Medium,Ollama qwen3:4b-instruct + frozen V3 codebook + deterministic side check,ai_label_needs_audit,,,,,,
6a452aca4cf3e0bab9ec5fe9,1,2026-07-01 16:57:14+00:00,"Worst customer service, been on hold for over an hour!!! Trying the online chat still waiting on them also!!  Yelp Sucks.",Yelp,2026,Relevant,Customer,Customer support,,Customer support,Medium,Ollama qwen3:4b-instruct + frozen V3 codebook + deterministic side check,ai_label_needs_audit,,,,,,
67ab0d1c29e08b9b5cfc0594,1,2025-02-11 10:41:00+00:00,"Risposta di Gruppomenichiniroma

19 ore fa
Gentile Sig.ra Malagnino,

prendiamo atto del fatto che ha semplicemente copiato la recensione di un altro cliente, e non di suo padre, il che di per sé solleva dubbi sulla veridicità delle sue affermazioni e sull’effettiva fondatezza delle sue contestazioni.

Siamo sempre disponibili a confrontarci su eventuali problematiche reali, purché espresse in modo circostanziato e documentato, anziché attraverso accuse generiche e infondate. Il nostro operato è trasparente e rispettoso degli accordi contrattuali, e non accettiamo attacchi diffamatori privi di riscontri oggettivi.

Se ha delle contestazioni concrete, la invitiamo a segnalarle nelle modalità opportune, evitando di diffondere informazioni false o fuorvianti. Ci riserviamo comunque di tutelare la nostra reputazione nelle sedi competenti.

Cordiali saluti,
Gruppo MenichiniUna recensione su MENICHINI 
GRUP ROMA, 
SALVE SIG. MENICHINI, ATTENDO IN TREPIDA ATTESA LA SUA "" Ci riserviamo comunque di tutelare la nostra reputazione nelle sedi competenti."", E' UN VERO INVITO A NOZZE CHE LEI MI SPEDISCE! CERTAMENTE CHI NON HA RISPETTATO GLI IMPEGNI PRESI NEL CONTRATTO DI APPALTO PER LAVORI DI RISTRUTTURAZIONE NELL'APPARTAMENTO CHE IO HO ACQUISTATO PER CONTO DI MIA FIGLIA, APPARTAMENTO ABITATO FINO AL MESE DI LUGLIO 2022, E' LEI E LA SUA EDIL MENICHINIGRUPROMA.IT ! CHI HA RIDOTTO QUELL'APPARTAMENTO A UN VERO E PROPRIO PORCILE E' LEI: FORSE E' ABITUATO A VIVERE IN LUOGHI COME HA RIDOTTO L'APPARTAMENTO DI MIA FIGLIA!! CHI HA SFONDATO IL MURO COMUNE TRA BAGNO E SOGGIORNO E' LEI, I SUOI OPERAI CHE LAVORANO IN NOME E PER CONTO DI LEI! CHI HA ALLAGATO LA CANTINA, CHI HA MONTATO E RISMONTATO UNA DECINA DI VOLTE IL MOBILE PORTA LAVANDINO DEL BAGNO, CHI HA MONTATO A CAZZODICANE IL BOX DELLA DOCCIA, CHI HA SMONTATO E RIMONTATO MALE LA CALDAIA E' SEMPRE LEI E I SUOI OPERAI CHE LAVORANO IN NOME E PER CONTO DI LEI! CHI SI E' SEMPRE NEGATO ALLE MIE CHIAMATE TELEFONICHE FATTE ALLE SUE SEGRETARIE, CHE USANO LO SCARICA-BARILE TRA DI LORO DUE PER NON RISPONDERE ALLE MIE PRECISE DOMANDE, E' SEMPRE LEI, VERO? CHI HA MONTATO MALE IL RADIATORE TERMOSIFONE NEL BAGNO E' SEMPRE LEI, VERO? CHI HA MONTATO INTERRUTTORI E PRESE DI CORRENTE DIFFERENTI DA QUELLI CHE AVEVANO SCELTO MIA FIGLIA E' SEMPRE LEI, VERO? CI SAREBBE DA RACCONTARE PER GIORNI LE SUE IMPRESE DI AMMINISTRATORE UNICO DELLA MENICHINIGRUPROMA.IT ! E LO FARO', SENZA OMBRA DI DUBBIO!! PER IL MOMENTO DEVE FORNIRE A MIA FIGLIA LA DICHIARAZIONE DI CONFORMITA' DELL'ESTENSIONE DELL'IMPIANTO ELETTRICO FATTO DA LEI DALLA SUA DITTA EDILE!! 
ATTENDO SIA LA DICHIARAZIONE DI CONFORMITA' E SIA LE SUE MINACCE. DOTTOR MALAGNINO  COSIMO.",Yelp,2025,Exclude,Not applicable,Not applicable,,,Not applicable,Ollama qwen3:4b-instruct + frozen V3 codebook + deterministic side check,ai_label_needs_audit,,,,,,
69d6a72e8e688cb81acaf220,1,2026-04-08 21:06:22+00:00,"Do not advertise with Yelp, they will lie, mislead you, and harass you for years.

A few years ago, I advertised and I still get calls after being told I am on the do not call list. This week I have got two calls already from Yelp which has prompted this review.

I advertised for my business and was lied to and mislead.  

I was told I could turn off the leads and not have to use that function at all. This was a lie, leads could only be turned off for 15 days then they are turned back on, and you automatically get charge for leads you do not want. Not sure if this was changed this was years ago when I used their system.

When I called my contact at Yelp and asked what was going on and why was I lied to, they said ""They did not lie leads can be turned off, just not indefinitely."" 

This is the kind of stuff Yelp pulls. ",Yelp,2026,Relevant,Service Provider / Business,Misleading claims / transparency,,Misleading claims / transparency,Medium,Ollama qwen3:4b-instruct + frozen V3 codebook + deterministic side check,ai_label_needs_audit,,,,,,
6a2089644df14bb9447c4428,1,2026-06-03 22:07:00+00:00,"If I have the option I would give them -10 star review. They simply bully and annoy the small businesses to increase their ads sales. Plus hide the good reviews. Simply charges alot more than extra without permission. Absolutely trash. I called them few times today. Nobody is listening and hanging up in the middle without solving our problem. I would never recommend it. And fully waste of money. They even try to control your messages and calls with the potential leads or clients. Fake system for making money. """" SCAMMERS""",Yelp,2026,Relevant,Service Provider / Business,Misleading claims / transparency,Customer support,Misleading claims / transparency | Customer support,Medium,Ollama qwen3:4b-instruct + frozen V3 codebook + deterministic side check,ai_label_needs_audit,,,,,,
68cd3840df8415210b629a04,3,2025-09-19 13:02:24+00:00,"Les salariés de JD SPORT sont incompétents.es dans leur secteur d’activité. La vente d’articles de sports collectifs où non et être servis par des personnes néophytes et totalement désintéressés de leurs produits..
C’est aussi les raisons pour lesquelles je vous déconseille fortement. ",Yelp,2025,Exclude,Not applicable,Not applicable,,,Not applicable,Ollama qwen3:4b-instruct + frozen V3 codebook + deterministic side check,ai_label_needs_audit,,,,,,
6a3c082e52fc600ad18ed7da,1,2026-06-24 18:39:10+00:00,"After years of sales people from yelp telling me that their algorithm was the reason half of my 5 star reviews were hidden, a new sales guy called and admitted they hide them if you don't advertise with them. They are extortionists and there should be a class action lawsuit against them..",Yelp,2026,Relevant,Service Provider / Business,Review trust / moderation,,Review trust / moderation,Medium,Ollama qwen3:4b-instruct + frozen V3 codebook + deterministic side check,ai_label_needs_audit,,,,,,
6a0e3e8008c42a754bbf4a08,1,2026-05-21 01:06:40+00:00,"I complained that someone had left a negative review about my small business and that it was unjust because it was a person that didn't like me personally and had a vendeta.  The review had nothing to do with my business. It was only a personal attack against me.  When I asked if it could be removed, the agent stated that I had to pay, by paying a membershipt fee. That way I could get any review removed in the future instantly.  They wanted me to pay them to remove reviews.  What is the point of this website if they are dishonest and biased to those to pay?",Yelp,2026,Relevant,Service Provider / Business,Review trust / moderation,,Review trust / moderation,Medium,Ollama qwen3:4b-instruct + frozen V3 codebook + deterministic side check,ai_label_needs_audit,,,,,,
