reviewId,competitor,rating,text,manual_user_type,v2_complaint_themes,manual_complaint_themes,v2_severity,manual_severity,theme_rationale,severity_rationale
69be6a6604edd03af2c20575,Bark,3,Bark was useful to identify and contact service providers. We can make the contact but there could be features that allow fixing timing cost and other details registered with the select provider.,Customer,Platform usability,Platform usability / technical issues,Low,Low,Primary: Platform usability / technical issues,Minor inconvenience or friction without clear material harm
6a692ab7ce4ffe6ae8e2c916,Bark,1,"I rarely leave negative reviews, but Bark’s customer service genuinely shocked me.

I spent over £100 on credits and didn’t get a single job from them. They refunded the credits back to my Bark account, which is apparently their policy, but completely refused to refund the money back to my original payment method.

Normally I’d accept that, but I explained my circumstances. I’d recently lost my job, was going through a formal grievance, and was facing serious financial hardship. I wasn’t asking for anything unreasonable - I simply asked them to make an exception so I could access money I’d already paid while I got back on my feet. I even told them I fully intended to come back and use Bark again once my situation had improved.

Instead, I got the same copy-and-paste policy response over and over again. No empathy. No understanding. No willingness to exercise any discretion whatsoever.

Policies exist for a reason, but good customer service is about recognising when exceptional circumstances deserve an exceptional response. Bark had every opportunity to show a bit of humanity and chose not to.

If you’re happy dealing with a company that sticks rigidly to policy regardless of the situation their customers are in, then Bark may be fine for you. Personally, I’ll remember how I was treated when I needed understanding the most.",Service Provider / Business,Poor ROI / expensive leads | Billing / refunds | Customer support,Poor ROI / expensive leads | Billing / refunds,Medium,Medium,Primary: Poor ROI / expensive leads; Secondary: Billing / refunds,"Meaningful service, financial, trust, support, or account failure"
6976fa33ecf69d6119c06435,Bark,3,If you’re want tree work you literally have a couple of minutes to get the lead when it comes in. Leads cost £ 86.40 for 50 credits if you pay an extra the monthly subscription for elite. Most tree jobs are 18 credits so you can win 2 leads and very slim chance of winning. Probably off best using facebook adds,Service Provider / Business,Too much provider competition | Poor ROI / expensive leads,Too much provider competition,Medium,Low,Primary: Too much provider competition,Minor inconvenience or friction without clear material harm
69c59c8f9caeb51121c23e76,Bark,2,"I was contacted by the company who stated they could provide reliable business leads and offered a guarantee. What I found curious was that 'leads' were entirely unresponsive, which is unusual and that as soon as your 'credits' have run out, you then start receiving emails stating 'X wants to work with you...10 (e.g) credits to respond'. ",Service Provider / Business,Unresponsive leads | Poor ROI / expensive leads | Misleading claims / transparency,Unresponsive leads | Misleading claims / transparency,Medium,Medium,Primary: Unresponsive leads; Secondary: Misleading claims / transparency,"Meaningful service, financial, trust, support, or account failure"
6a5f4643bb7e3f6a4f64fcf0,Bark,1,"No response to my request for a dog sitter, but Bark still wanted my contact details before allowing me to view the results.  ",Customer,Finding a provider / low response | Platform usability,Finding a provider / low response,Medium,Medium,Primary: Finding a provider / low response,Core marketplace task failed or produced little/no provider response
6a66f4795208ff869281272a,Bark,2,"Sold to everyone. Not able to select and review the companies profile. Aggresive marketing strategies and asking how we did after less then 2 working days.. 
Poor performing system for the customer.",Customer,Platform usability | Privacy / unwanted contact,Platform usability / technical issues,Medium,Low,Primary: Platform usability / technical issues,Minor inconvenience or friction without clear material harm
68dfdf2cf2cc76ebd611c504,Bark,2,Reasonable work but ripped off over price and held to ransom over work,Customer,Pricing / quote transparency | Provider quality,Pricing / quote transparency,Medium,Medium,Primary: Pricing / quote transparency,"Meaningful service, financial, trust, support, or account failure"
699398e2e58f8066be52a6d8,Bark,2,"This was unreal. I signed into Bark to try and make contact with a local social media manager, and within 20 minutes my phone rang 30 times, and I received 100 emails. It was ridiculous and overwhelming. I even started getting texts and cell phone calls, even though I did not list me cell phone. ",Customer,Too many provider contacts / spam | Privacy / unwanted contact,Too many provider contacts / spam,Medium,Medium,Primary: Too many provider contacts / spam,High-volume unwanted provider contact
6a3d876063da0fc1a9e3918a,Checkatrade,1,"As a tradesmen I have never received such a terrible service was paying for a high level service and every 3-5 days the advertising i had was being suspended without reason. I came across a safety issue at a job and safety in my opiniom comes first, this is from a customer they gave me and received bad behaviour from a customer who was being forceful I have many friends who are on checkatrade and after speaking with them after my experience they will leaving also to move to other places as they have had similar issues with them. They sent an email stated my account was suspended without even asking for my side of the story and I won't be paying the bill owed as they have broken the contract. Their contract is unregulated anyways so they will lose if they try as they terminated it.",Service Provider / Business,Account / cancellation | Customer support,Account access / cancellation | Sales pressure / contract terms,High,Medium,Primary: Account access / cancellation; Secondary: Sales pressure / contract terms,"Meaningful service, financial, trust, support, or account failure"
6a59ef64607e6bba0af90ec2,Checkatrade,1,"Do find the website useful however I had 1 electrician complete work to a high standard booked him to come back he never turned up.  Contacted him said he'd call back with another date as there'd been an issue with his calendar.  Never contacted me.  Arranged another electrician contacted me with a price, confirmed date and time.  Again never turned up and didn't even bother to contact me.  Think it's just pot luck to be honest if you get a reliable tradespeople on here.",Customer,Provider quality,Provider quality / no-show,Medium,Medium,Primary: Provider quality / no-show,"Meaningful service, financial, trust, support, or account failure"
6a5e1a029ea175e564ba1931,Checkatrade,1,"I chose a decorator exclusively because of their Checkatrade profile. The business had around 50 overwhelmingly positive reviews, almost all 10/10, which gave me the confidence to hand over the keys to my newly purchased home.

The workmanship I received was completely inconsistent with that reputation. I was left with defective decorating work, damage to my property and significant costs to have everything put right.

What has disappointed me even more is Checkatrade's handling of the complaint. Although they confirmed they would investigate the workmanship and the trader's conduct, they repeatedly focused on whether I had proof of payment. In my case, no payment was made because, after I challenged the quality of the work, the trader refused payment himself and said he would leave the work ""as a gift.""

Despite this unusual situation, I have still suffered financial loss and have been left with the cost of rectifying the damage. I also raised concerns about the significant discrepancy between the trader I encountered and the reputation presented on the Checkatrade profile, but I have received very little information about the investigation or what steps are being taken to protect other customers.

The value of a platform like Checkatrade is trust. Customers rely on the reviews, the vetting process and the reassurance that concerns will be investigated thoroughly when things go wrong. Unfortunately, my experience has left me questioning how much protection customers actually receive when a trader's work falls so far below the standard represented on the platform.",Customer,Provider quality | Review trust | Dispute protection | Provider verification / safety,Provider quality / no-show | Provider verification / safety,High,Medium,Primary: Provider quality / no-show; Secondary: Provider verification / safety,"Meaningful service, financial, trust, support, or account failure"
6a292b9e28adcbebdb9fb7c0,Checkatrade,1,"This company do not help the tradesman.Their employee
All they do when there's a problem. As with me, my account was hacked. I asked checker trade to put it right or help me do it. And can somebody firm me from customer services? Absolutely nothing all I got was a counts. Asking me for payments, 4 times a day for the last 5 weeks. This company are no more than a bunch of Cowboys demanding money.  By way of menasis, avoid this company like the plague.If you're a tradesman, they just hound you for money continuously, even there's a problem.\nThat they can fix , they don't do it , they just want to take you to court for the contract money , absolutely disgusting.damp proofing 2010..
............. Update............
This is an update to the previous messages. Check, a trade are still harassingly for payments. They expect me to pay each month for a service. I am clearly not getting they suspended my account because I told them it was hacked but they expect me to pay each and every month for the service. I am not getting and now. They are threatening me with collection agencies.  This is absolutely scandalous and unprofessional. I have phone them numerous times I have sent them emails that bounce back every time I get a call which has been 23 demands for money. I am left with the same answer.\n All they want is money and they are not bothered about my account being hacked and unusable.  All they want to do is suspend my account and expect me to keep paying a monthly fee again. I have told them I am not paying any monthly fees until my account is up and running. That is the service that I agreed to pay for not an account that is suspended and has been hacked. Check a trade, like to write and message underneath mine. So, the tradesmen will think everything is fine. Believe me, these are charlettons all they want is your blood.  And they will not listen to understanding and reasonableness, absolute unprofessional, think twice about joining checker trade, they have gone so far downhill, they're at the bottom, in my opinion. Absolutely.Disgraceful and should be looked at by a leading body as to where they go about demanding money by menasis. It took less than 10 seconds to get an automated review.\nReply, so nothing personal, just an automated reply.Absolutely disgraceful company",Service Provider / Business,Account / cancellation | Billing / refunds | Customer support,Account access / cancellation | Sales pressure / contract terms,High,High,Primary: Account access / cancellation; Secondary: Sales pressure / contract terms,"Serious safety, legal, debt-collection, or account-security impact"
6989ab908538ba5e87ff2079,Checkatrade,2,"First time Checkatrade
Got onto the site easy, got three contractors good. But as small job only one replied gave a messenger quote.  I found it difficult to navigate  your site to view process. Possibly me?  So was unable to complete the process through your system. 
",Customer,Finding a provider / low response | Platform usability,Finding a provider / low response | Platform usability / technical issues,Medium,Medium,Primary: Finding a provider / low response; Secondary: Platform usability / technical issues,Technical failure prevented or materially disrupted use
69e1e28cd9d63ed0abfc87dd,Checkatrade,3,A number of candidates who initially expressed interest were timewasters /didn't show up /lost interest. Finally got the right person to do the job .,Customer,Provider quality,Provider quality / no-show,Medium,Medium,Primary: Provider quality / no-show,"Meaningful service, financial, trust, support, or account failure"
6a6e3bf5e875e9326bda98d0,Checkatrade,1,The reviews of work done have no resemblance to the work carried out for me.I used checkatrade twice.In both instances the work done made it worse than it was previously.One was for guttering.This rogue company gives a reasonable price for what was a simple job and then does a shoddy job making me feel like crying with the guttering.They then seem aggressive and as a single woman you just hand over the money or you feel there may be repercussions.They then request £850 if I want a piece of guttering replaced and a simple downpipe.Another so called painter decorator ruined the wooden sash windows and ledges with thick streaky paint and sticks of paint down the areas that he painted.Filler was not sanded before painted so it looks like a seven year old took a paint brush to my house.Inwill never trust this platform again.,Customer,Review trust | Provider quality | Pricing / quote transparency | Provider verification / safety,Review trust / moderation | Provider quality / no-show,High,Medium,Primary: Review trust / moderation; Secondary: Provider quality / no-show,"Meaningful service, financial, trust, support, or account failure"
6a70f7d0707e6d2d3fd42b1b,Checkatrade,1,If You're a Trader. These lots are complete Sharks.   Also it's supposed to be 189 per month  they tried to take 239. After I cancelled the service.   This isn't on.   Lots of traders are complaining ,Service Provider / Business,Billing / refunds | Account / cancellation,Billing / refunds,Medium,Medium,Primary: Billing / refunds,"Meaningful service, financial, trust, support, or account failure"
65a7f3e94bec57e75a86d5db,Yell,3,"Finally got a new static website after waiting 8+ months.  I have been chasing Yell to do something about their Yell Business app, the messenger doesn't work, this was reported 7 months ago, still not resolved.",Service Provider / Business,Platform usability | Customer support,Platform usability / technical issues,Medium,Medium,Primary: Platform usability / technical issues,Technical failure prevented or materially disrupted use
6928264b92e8c8cc429bd508,Yell,1,"Avoid this company at all costs.
My experience with Yell has been financially damaging, emotionally draining, and riddled with systemic failures across almost every department I dealt with.

Apologies to Conor the account manager for having to write this.  He was a very nice and helpful guy.  The failings are systematic and nothing to do with him. 

I signed up for what was sold to me as a performance-based acquisition system designed to bring in paying customers. That was repeated across multiple calls and never corrected. In reality, what I received was a stream of low-quality, irrelevant enquiries that did not match the service I provide. This was completely different from the product that was advertised and sold to me.

Over six months, I paid approximately £6,000 for a service that failed on every level:

▪ Zero proactive campaign management

Ads were left switched off for long periods without anyone noticing.
When I asked why basic marketing fundamentals were missing (retargeting, exclusions, lookalikes, job-title targeting), I was told ads are “not proactively managed unless clients complain.” That alone speaks volumes.

▪ Wrong targeting and wrong messaging

Despite providing detailed instructions again and again, Yell repeatedly advertised the wrong message, the wrong offer, and targeted the wrong regions and demographics.

▪ Severe billing issues

Yell took duplicate payments, charged more months than agreed, and then told me to sort it out through my bank - something no reputable company should ever tell a customer. Months later, key refunds still were not resolved.

▪ Complete breakdown in communication

I raised multiple formal complaints.
Not one was acknowledged or responded to within the timeframes they themselves set.
Even now, they have not provided the required resolutions.

▪ Massive impact on my business

Before using Yell, my coaching business was stable with strong client numbers.
After months of failed delivery, wasted ad spend, mismanagement, and time spent correcting their errors, my business fell into serious financial distress.

I was forced to run my own ads at £5/day just to stay visible, because I had no budget left - all my capital was tied up in a system that did not function.

▪ Hours of my own time wasted

I spent countless hours writing emails, rewriting ad copy, guiding their staff, reviewing errors, submitting complaints, and trying to help them deliver the product I had already paid for. None of this work should ever fall on the client.

The only positive

Conor, the account manager, was polite and made genuine efforts - but even he was blocked by Yell’s broken internal systems. The problem is not staff like him. The problem is the structure, the lack of capability, and the systemic failures in the organisation.

Bottom line:

Yell sold me one thing, delivered something completely different, mishandled my payments, ignored my complaints, damaged my business, and wasted months of my time.

I cannot recommend strongly enough that businesses avoid Yell.

There are far better marketing services out there, and many far cheaper ones that will still outperform what I received.

As Yell have not responded or acknowledged my official complaint emails I have had to raise with the ASA, Trading Standards, ICO, CMA and prepare for small claims court.  I appreciate the polite response Penny however I’ve tried to settle this amicably for months now.  ",Service Provider / Business,Poor lead quality | Poor ROI / expensive leads | Billing / refunds | Customer support | Misleading claims / transparency,Poor lead quality | Billing / refunds,High,High,Primary: Poor lead quality; Secondary: Billing / refunds,"Serious safety, legal, debt-collection, or account-security impact"
6728efcea6f21d7ee1bf72e3,Yell,2,People really friendly and understanding on the phone obviously good sales skills.But once you go into a 12 month contract there is no one calling or checking on you. Analytics show things that don't exist. As a customer I was with them 12 months on my contract and got 0 customers. ,Service Provider / Business,Misleading claims / transparency | Poor ROI / expensive leads | Customer support,Sales pressure / contract terms,Medium,Medium,Primary: Sales pressure / contract terms,"Meaningful service, financial, trust, support, or account failure"
67e3fa2ef67fc2f1ad08fb3b,Yell,2,I feel that the rep was so good at her sales job and that I’m so desperate to help my business that I have been preyed on a little and bought in to 12 months of just more debt. I feel that Yell used Google - Microsoft and Alexsa as more ways to reel me in believing it was going to work for my business. I only signed up last week but I already regret my decision in signing up. ,Service Provider / Business,Misleading claims / transparency | Account / cancellation,Misleading claims / transparency,Medium,Medium,Primary: Misleading claims / transparency,"Meaningful service, financial, trust, support, or account failure"
6a4659b8b78a495ec6c48b78,Yell,1,"I submitted a full listing, was told approval takes 2 days, and heard nothing for 4. I contacted customer service to chase the approval and, at the same time, clearly stated I did not want my phone number published. Nobody told me this was a problem. They said the request had been escalated to get the listing approved.

A day later I got a call that turned out to be a long, mandatory SEO sales pitch, I was asked about pricing, margins, travel radius, website traffic, and more, all framed as necessary to ""list my business,"" while being used to push their paid services. I told the agent repeatedly, multiple times, that I did not want my number listed. He said ""OK"" each time. At the end of the call, he told me the listing was published. I checked the listing and found my number published, against explicit instructions I'd now given to two separate people. I went to live chat to get it removed. Instead of addressing what I'd actually said, I was met with a wall of scripted ""guidelines"" language, repeated regardless of what I typed. When I explicitly stated I was revoking my consent under GDPR, they didn't engage with that at all, just more guidelines, as if their internal policy overrides UK data protection law.

This isn't a case of me not understanding how the platform works. I gave clear, repeated, explicit instructions to two different people before anything was published, and was actively reassured both times. Yell published my personal data anyway, then treated a formal GDPR consent withdrawal as something to be managed with a script rather than a legal right. Followed all this up with an unsolicited email telling me what's ""wrong"" with my SEO.

I've now spent hours dealing with a problem they created, on top of a sales process that used data-gathering as leverage before I'd even agreed to anything.

If you're a business with any reason to keep your number off a public listing, be aware that ""no"" does not seem to register with their staff until it's already too late.",Service Provider / Business,Privacy / unwanted contact | Customer support | Misleading claims / transparency,Privacy / unwanted contact | Customer support,High,Medium,Primary: Privacy / unwanted contact; Secondary: Customer support,"Meaningful service, financial, trust, support, or account failure"
6942f1015f5ec577f64bbe03,Yell,1,"Yell has removed my negative review of a local business that I had an experience with, who coincidentally pays for advertising from Yell. Their email stated:

 “Please note that our decision is final and we will not consider any further complaints regarding the removal of your review. Any such complaints will be closed automatically, and you will not receive any further correspondence from us in relation to it.”

The fact that a business can report a review as malicious and have it removed so easily has completely eroded my trust in Yell.

Reply: I’ve emailed you via the email you provided. My review does not appear to break any guidelines. The outcome of the correspondence I receive may amend my review. 
",Customer,Review trust | Customer support,Review trust / moderation,Medium,Medium,Primary: Review trust / moderation,"Meaningful service, financial, trust, support, or account failure"
69b03909706468c58e5ac165,Yell,1,"I had advertising with Yell, but the service delivered was far below what was promised. I received little to no support, and the only contact I got was regarding payments.

I formally requested cancellation of all services and confirmation that no further charges would be taken. Despite repeated attempts, the process has been slow and difficult.

Businesses should be aware that Yell’s advertising may not provide the results they promise, and cancelling can require persistence.",Service Provider / Business,Misleading claims / transparency | Poor ROI / expensive leads | Account / cancellation | Customer support,Misleading claims / transparency | Account access / cancellation,Medium,Medium,Primary: Misleading claims / transparency; Secondary: Account access / cancellation,"Meaningful service, financial, trust, support, or account failure"
6a478746378d36674423713b,Yell,1,Yell takes my money and doesn't provide a service of any value. I have paid them already over £5000 and not received any enquiries let alone new business. Yell should be avoided at all cost.,Service Provider / Business,Poor ROI / expensive leads,Poor ROI / expensive leads,High,Medium,Primary: Poor ROI / expensive leads,"Meaningful service, financial, trust, support, or account failure"
6a28132d1c46845c9df00ef6,Yelp,1,Get your sign-up system sorted. Amateurs,Unknown,Platform usability,Platform usability / technical issues,Low,Low,Primary: Platform usability / technical issues,Minor inconvenience or friction without clear material harm
69c2e836406780c107573311,Yelp,1,Absolutely garbage I am advertising with them and I get a lot of called non for work just people trying to sell me advertising and leads . Save yourself time money and effort. Do not use yelp business ads complete and utter garbage.,Service Provider / Business,Poor ROI / expensive leads | Privacy / unwanted contact,Poor ROI / expensive leads,Medium,Medium,Primary: Poor ROI / expensive leads,"Meaningful service, financial, trust, support, or account failure"
69e68cc1a45db760eabbd43b,Yelp,1,"I’m a customer of Yalp for more than 10 years. This company is very bad.
Do not waste your money with them.",Service Provider / Business,Poor ROI / expensive leads,Poor ROI / expensive leads,Low,Medium,Primary: Poor ROI / expensive leads,"Meaningful service, financial, trust, support, or account failure"
69d151d4898d8ee3bf7c21f6,Yelp,1,"I paid over $500 in ads and received 2 leads for my business Both went nowhere. Worst experience I had in my life. I've never been fuming with a service before like this. I cancelled multiple times because it was providing absolutely nothing for me. I called them on 3 separate occasions to be put on hold for 45 minutes to an hour. After talking to the ""customer support specialist"" I get told even though I tried to cancel it because Yelp is a ""Self Help"" company that I will not get a refund. Yeah because that's the only way they scam people out of money. Nobody would ever pay for ads if that was the case. If you ever see a free credit promotion DO NOT USE IT. This is the worlds worst and scummiest company I have ever done business with and I will be pulling myself completely off of this site. If I could give this place a million 1 star reviews I would. I have genuinely never hated a commpany so much in my career. It seems everyone else has the same thing going on. If only I had read the reviews before hand.",Service Provider / Business,Poor ROI / expensive leads | Billing / refunds | Account / cancellation | Customer support,Poor ROI / expensive leads | Account access / cancellation,High,High,Primary: Poor ROI / expensive leads; Secondary: Account access / cancellation,Explicit substantial financial impact (about 500)
6a2861c5eeece069dfcb1264,Yelp,1,"If you’re thinking of trusting Yelp, don’t.

This platform is turned into a pay‑to‑sanitize machine where businesses can BUY THEIR WAY OUT of accountability, and Yelp will bend over backwards to make sure negative reviews disappear.

My review was removed with some generic “conflict of interest” excuse — the same copy‑paste bullshit they use whenever a business waves a check in their face. Meanwhile, the actual conflict of interest is Yelp taking money from the same companies they’re supposed to keep honest.

Yelp isn’t protecting consumers BUT  protecting its paying clients.

They’ll find any excuse from “relationship with the business”, to “unclear experience”, to  “violates guidelines”, all sort of possible BS which ""fits the script"". 

However when you look all over online, you’ll see the same pattern:
zero‑star reviews vanish, legitimate complaints get buried, and businesses with crap reputations magically sit at 4.5 stars.

And good luck talking to a human.
There is no support, no accountability, no transparency. Just automated messages, dead ends, and a wall of silence while they quietly clean up the reputation of whoever pays them.

Yelp has become exactly what it claims to fight: a platform where money decides the truth.

If you’re anyone with a real experience to share, prepare to be ignored, filtered, or deleted.

Yelp is not a review platform anymore  but a a conflict‑of‑interest factory.",Customer,Review trust | Customer support | Misleading claims / transparency,Review trust / moderation | Customer support,Medium,Medium,Primary: Review trust / moderation; Secondary: Customer support,"Meaningful service, financial, trust, support, or account failure"
69e813ae2a4c4a9cef0a95f8,Yelp,1,"I am deeply concerned about the inconsistency in moderation decisions of the YELP website …A positive review I left for my doctor was removed without sufficient explanation. At the same time, another review containing explicit profanity, offensive language, and personal insults remains publicly visible.
This type of content clearly violates basic standards of respectful communication and undermines the credibility of their platform. Allowing such reviews to remain while removing legitimate, respectful feedback raises serious concerns about fairness and transparency in their review policies.
BAD company!!!",Customer,Review trust | Misleading claims / transparency,Review trust / moderation,Medium,Medium,Primary: Review trust / moderation,"Meaningful service, financial, trust, support, or account failure"
6a04a37e72f0d5ed312074d7,Yelp,1,"Yelp! refuses to factor in negative reviews of DLE Contracting (of Clarksville, TN), whose owner Dalton Levi Eatherly regularly livestreams himself harassing random African-Americans in Nashville, TN, and pointing a loaded gun at them when they react. An African-American family who used this company, based on Yelp's 5-star rating, could literally be endangering their lives. Yelp! must be BOYCOTTED, until they value the lives of people of color as much as the ""free speech"" of racist contractors.",Customer,Review trust | Provider verification / safety,Review trust / moderation,High,Medium,Primary: Review trust / moderation,"Meaningful service, financial, trust, support, or account failure"
6a24c34272cc77cc431a1ecc,Yelp,1,"Yelp and similar platforms simply take money from contractors without delivering any results. Don't expect help from Yelp—it’s pointless. You could spend your last dime and end up with nothing; that is an undeniable fact. I stopped using Yelp three years ago—canceling payments and leaving the platform—which resulted in a total loss of funds. Nevertheless, the damage done to my company could still be rectified if someone from Yelp's management reads this review. Please set things right before it’s too late; as a human being, I just want you to resolve this issue!",Service Provider / Business,Poor ROI / expensive leads | Customer support,Poor ROI / expensive leads,Medium,Medium,Primary: Poor ROI / expensive leads,"Meaningful service, financial, trust, support, or account failure"
